sec_code,filer_name,company_name,current_assets,total_liabilities,total_assets,equity_value,equity_ratio,doc_id,fiscal_period,bs_date,submit_date
9211,株式会社エフ・コード,株式会社エフ・コード,13862559000,24952589000,30091126000,8425954000,28.0,S100YX39,2026-12-31,,2026-08-14
5255,株式会社モンスターラボ,株式会社モンスターラボ,5138005000,8307237000,8913313000,660667000,7.41,S100YX3I,2026-12-31,,2026-08-14
7012,川崎重工業株式会社,川崎重工業株式会社,1372589000000,1567805000000,1950508000000,878121000000,45.02,S100Y99Z,2026-03-31,,2026-06-19
4689,ＬＩＮＥヤフー株式会社,ＬＩＮＥヤフー株式会社,592627000000,1551601000000,3782588000000,2998805000000,79.28,S100YBXD,2026-03-31,,2026-06-18
4088,エア・ウォーター株式会社,エア・ウォーター株式会社,106433000000,453511000000,614902000000,390229000000,63.46,S100YTII,2026-03-31,,2026-07-31
7095,株式会社Ｍａｃｂｅｅ　Ｐｌａｎｅｔ,株式会社Ｍａｃｂｅｅ　Ｐｌａｎｅｔ,8008000000,7458000000,16805000000,12614000000,75.06,S100YSEQ,2026-04-30,,2026-07-27
9268,株式会社オプティマスグループ,株式会社オプティマスグループ,30394000000,53851000000,68425000000,41984000000,61.36,S100YJVB,2026-03-31,,2026-06-24
8015,豊田通商株式会社,豊田通商株式会社,2001510000000,2040878000000,3587560000000,3157520000000,88.01,S100YD8J,2026-03-31,,2026-06-18
4568,第一三共株式会社,第一三共株式会社,1524662000000,2280704000000,3386628000000,1664179000000,49.14,S100YEY0,2026-03-31,,2026-06-19
3962,株式会社チェンジホールディングス,株式会社チェンジホールディングス,12143000000,31829000000,72352000000,46755000000,64.62,S100YJC3,2026-03-31,,2026-06-24
5471,大同特殊鋼株式会社,大同特殊鋼株式会社,291483000000,244798000000,558143000000,472565000000,84.67,S100YNEC,2026-03-31,,2026-06-30
6562,株式会社ジーニー,株式会社ジーニー,6312613000,15191407000,18393893000,9854336000,53.57,S100YNBB,2026-03-31,,2026-06-30
5482,愛知製鋼株式会社,愛知製鋼株式会社,109566000000,114479000000,266686000000,236265000000,88.59,S100YLIN,2026-03-31,,2026-06-29
9435,株式会社光通信,株式会社光通信,306713000000,1349948000000,1656061000000,1185668000000,71.6,S100YN0V,2026-03-31,,2026-06-29
4680,株式会社ラウンドワン,株式会社ラウンドワン,26482000000,51587000000,100880000000,82635000000,81.91,S100YJKU,2026-03-31,,2026-06-26
7119,株式会社ハルメクホールディングス,株式会社ハルメクホールディングス,617000000,2371000000,8826000000,8893000000,100.76,S100YF6O,2026-03-31,,2026-06-23
2432,株式会社ディー・エヌ・エー,株式会社ディー・エヌ・エー,129791000000,61474000000,232403000000,232622000000,100.09,S100YLDV,2026-03-31,,2026-06-26
6857,株式会社アドバンテスト,株式会社アドバンテスト,715582000000,414738000000,998158000000,795726000000,79.72,S100YKTA,2026-03-31,,2026-06-26
6702,富士通株式会社,富士通株式会社,1034984000000,694583000000,2173693000000,2024915000000,93.16,S100YM3K,2026-03-31,,2026-06-26
8698,マネックスグループ株式会社,マネックスグループ株式会社,21677000000,31396000000,123373000000,126397000000,102.45,S100YM8I,2026-03-31,,2026-06-26
3774,株式会社インターネットイニシアティブ,株式会社インターネットイニシアティブ,114270000000,124883000000,255051000000,158007000000,61.95,S100YHYH,2026-03-31,,2026-06-25
3447,信和株式会社,信和株式会社,7798452000,12086376000,22013381000,16910940000,76.82,S100YJZ0,2026-03-31,,2026-06-25
9158,株式会社シーユーシー,株式会社シーユーシー,32418000000,41389000000,65819000000,33400000000,50.75,S100YKO7,2026-03-31,,2026-06-25
9433,ＫＤＤＩ株式会社,ＫＤＤＩ株式会社,2813671000000,3833393000000,7543011000000,5076738000000,67.3,S100YKG2,2026-03-31,,2026-06-25
7731,株式会社ニコン,株式会社ニコン,287854000000,393584000000,652805000000,586785000000,89.89,S100YKBP,2026-03-31,,2026-06-25
5334,日本特殊陶業株式会社,日本特殊陶業株式会社,336295000000,355770000000,793195000000,767419000000,96.75,S100YJTF,2026-03-31,,2026-06-25
9517,イーレックス株式会社,イーレックス株式会社,52312000000,71651000000,125393000000,70388000000,56.13,S100YKV1,2026-03-31,,2026-06-25
8473,ＳＢＩホールディングス株式会社,ＳＢＩホールディングス株式会社,615284000000,1838805000000,2556622000000,1794942000000,70.21,S100YK3R,2026-03-31,,2026-06-25
6525,株式会社ＫＯＫＵＳＡＩ　ＥＬＥＣＴＲＩＣ,株式会社ＫＯＫＵＳＡＩ　ＥＬＥＣＴＲＩＣ,129727000000,112306000000,274649000000,219270000000,79.84,S100YJUA,2026-03-31,,2026-06-25
3762,テクマトリックス株式会社,テクマトリックス株式会社,81014822000,76273157000,96363057000,26327327000,27.32,S100YL8T,2026-03-31,,2026-06-25
2928,ＲＩＺＡＰグループ株式会社,ＲＩＺＡＰグループ株式会社,33571000000,39270000000,53681000000,50488000000,94.05,S100YF9Y,2026-03-31,,2026-06-25
285A,キオクシアホールディングス株式会社,キオクシアホールディングス株式会社,128727000000,748856000000,1667459000000,1398929000000,83.9,S100YJ18,2026-03-31,,2026-06-24
5713,住友金属鉱山株式会社,住友金属鉱山株式会社,1120219000000,1060923000000,2407589000000,2074835000000,86.18,S100YJ6N,2026-03-31,,2026-06-24
7011,三菱重工業株式会社,三菱重工業株式会社,3318544000000,3751218000000,5106612000000,3088566000000,60.48,S100YHZG,2026-03-31,,2026-06-24
6724,セイコーエプソン株式会社,セイコーエプソン株式会社,340483000000,357313000000,819971000000,853503000000,104.09,S100YJ6A,2026-03-31,,2026-06-24
4483,株式会社ＪＭＤＣ,株式会社ＪＭＤＣ,36340000000,41219000000,103595000000,83677000000,80.77,S100YJCA,2026-03-31,,2026-06-24
2148,アイティメディア株式会社,アイティメディア株式会社,7689774000,1346570000,9435721000,8664894000,91.83,S100YHX3,2026-03-31,,2026-06-24
7111,ＩＮＥＳＴ株式会社,ＩＮＥＳＴ株式会社,798000000,2234000000,5695000000,5103000000,89.6,S100YJEX,2026-03-31,,2026-06-24
6479,ミネベアミツミ株式会社,ミネベアミツミ株式会社,348762000000,662985000000,929708000000,898971000000,96.69,S100YISS,2026-03-31,,2026-06-24
5016,ＪＸ金属株式会社,ＪＸ金属株式会社,380470000000,414396000000,901440000000,726488000000,80.59,S100YINW,2026-03-31,,2026-06-24
429A,テクセンドフォトマスク株式会社,テクセンドフォトマスク株式会社,19749000000,58428000000,180694000000,174507000000,96.58,S100YJ5L,2026-03-31,,2026-06-24
4506,住友ファーマ株式会社,住友ファーマ株式会社,221210000000,325790000000,599614000000,292467000000,48.78,S100YH3M,2026-03-31,,2026-06-23
2282,日本ハム株式会社,日本ハム株式会社,358597000000,399239000000,611374000000,536940000000,87.83,S100YEEQ,2026-03-31,,2026-06-23
4516,日本新薬株式会社,日本新薬株式会社,174821000000,41880000000,303161000000,291551000000,96.17,S100YGRG,2026-03-31,,2026-06-23
4543,テルモ株式会社,テルモ株式会社,387907000000,597066000000,1584536000000,1584509000000,100.0,S100YGMG,2026-03-31,,2026-06-23
2588,株式会社プレミアムウォーターホールディングス,株式会社プレミアムウォーターホールディングス,33492000000,52263000000,76562000000,32061000000,41.88,S100YHDW,2026-03-31,,2026-06-23
7242,カヤバ株式会社,カヤバ株式会社,127025000000,156972000000,291190000000,249785000000,85.78,S100YHB1,2026-03-31,,2026-06-23
5020,ＥＮＥＯＳホールディングス株式会社,ＥＮＥＯＳホールディングス株式会社,174060000000,1513072000000,3556251000000,3369775000000,94.76,S100YF7I,2026-03-31,,2026-06-23
6754,アンリツ株式会社,アンリツ株式会社,53865000000,35399000000,146110000000,132717000000,90.83,S100YH5E,2026-03-31,,2026-06-23
7199,プレミアグループ株式会社,プレミアグループ株式会社,6106000000,17827000000,29540000000,25270000000,85.55,S100YHAQ,2026-03-31,,2026-06-23
6370,栗田工業株式会社,栗田工業株式会社,80214000000,143756000000,384271000000,341151000000,88.78,S100YBAT,2026-03-31,,2026-06-23
5401,日本製鉄株式会社,日本製鉄株式会社,1732269000000,6150685000000,9056495000000,5530448000000,61.07,S100YF8E,2026-03-31,,2026-06-23
7779,ＣＹＢＥＲＤＹＮＥ株式会社,ＣＹＢＥＲＤＹＮＥ株式会社,15911000000,984000000,38661000000,39622000000,102.49,S100YIAC,2026-03-31,,2026-06-23
4819,株式会社デジタルガレージ,株式会社デジタルガレージ,43872000000,71679000000,96714000000,75584000000,78.15,S100YIB5,2026-03-31,,2026-06-23
7202,いすゞ自動車株式会社,いすゞ自動車株式会社,787975000000,955643000000,1782262000000,1479509000000,83.01,S100YFBQ,2026-03-31,,2026-06-23
6523,ＰＨＣホールディングス株式会社,ＰＨＣホールディングス株式会社,55372000000,324178000000,420875000000,161668000000,38.41,S100YHPK,2026-03-31,,2026-06-23
3291,飯田グループホールディングス株式会社,飯田グループホールディングス株式会社,292866000000,396239000000,1057416000000,1020964000000,96.55,S100YID4,2026-03-31,,2026-06-23
6305,日立建機株式会社,日立建機株式会社,484739000000,423448000000,896080000000,900166000000,100.46,S100YIBR,2026-03-31,,2026-06-23
7270,株式会社ＳＵＢＡＲＵ,株式会社ＳＵＢＡＲＵ,2204709000000,2012297000000,3390915000000,2780407000000,82.0,S100YFKZ,2026-03-31,,2026-06-22
8056,ＢＩＰＲＯＧＹ株式会社,ＢＩＰＲＯＧＹ株式会社,117849000000,100590000000,266783000000,178988000000,67.09,S100YFCP,2026-03-31,,2026-06-22
6632,株式会社ＪＶＣケンウッド,株式会社ＪＶＣケンウッド,89141000000,145974000000,233497000000,143834000000,61.6,S100YG3R,2026-03-31,,2026-06-22
3853,アステリア株式会社,アステリア株式会社,2750178000,1838701000,8497237000,7795625000,91.74,S100YGH9,2026-03-31,,2026-06-22
6779,日本電波工業株式会社,日本電波工業株式会社,32156000000,40458000000,57485000000,31917000000,55.52,S100YFNH,2026-03-31,,2026-06-22
9984,ソフトバンクグループ株式会社,ソフトバンクグループ株式会社,3474125000000,24749828000000,31568286000000,17621823000000,55.82,S100YGH5,2026-03-31,,2026-06-22
4023,株式会社クレハ,株式会社クレハ,63002000000,160820000000,276613000000,165233000000,59.73,S100YFHO,2026-03-31,,2026-06-22
8020,兼松株式会社,兼松株式会社,214991000000,299884000000,431720000000,208391000000,48.27,S100YGCZ,2026-03-31,,2026-06-22
4980,デクセリアルズ株式会社,デクセリアルズ株式会社,41264000000,53581000000,151818000000,109363000000,72.04,S100YGAR,2026-03-31,,2026-06-22
4183,三井化学株式会社,三井化学株式会社,460792000000,930055000000,1306168000000,864727000000,66.2,S100YGUI,2026-03-31,,2026-06-22
7013,株式会社ＩＨＩ,株式会社ＩＨＩ,995422000000,1188266000000,1633956000000,652243000000,39.92,S100YENT,2026-03-31,,2026-06-22
4005,住友化学株式会社,住友化学株式会社,608110000000,1280282000000,1701862000000,1008644000000,59.27,S100YAUO,2026-03-31,,2026-06-22
9201,日本航空株式会社,日本航空株式会社,1327423000000,1929604000000,2832553000000,1289639000000,45.53,S100YFIO,2026-03-31,,2026-06-22
2181,パーソルホールディングス株式会社,パーソルホールディングス株式会社,90844000000,174346000000,342754000000,219499000000,64.04,S100YGCS,2026-03-31,,2026-06-22
2607,不二製油株式会社,不二製油株式会社,154903000000,259324000000,411197000000,240159000000,58.4,S100YEWN,2026-03-31,,2026-06-22
6471,日本精工株式会社,日本精工株式会社,304379000000,361409000000,709793000000,671975000000,94.67,S100YFE3,2026-03-31,,2026-06-22
6501,株式会社日立製作所,株式会社日立製作所,1454048000000,2983517000000,6932686000000,6568369000000,94.74,S100YGBO,2026-03-31,,2026-06-22
7593,ＶＴホールディングス株式会社,ＶＴホールディングス株式会社,21404000000,57507000000,78799000000,70684000000,89.7,S100YEXL,2026-03-31,,2026-06-22
8876,株式会社リログループ,株式会社リログループ,44479000000,47243000000,96853000000,84568000000,87.32,S100YE6Y,2026-03-31,,2026-06-19
3397,株式会社トリドールホールディングス,株式会社トリドールホールディングス,26864000000,106688000000,133911000000,92411000000,69.01,S100YDW4,2026-03-31,,2026-06-19
7893,株式会社プロネクサス,株式会社プロネクサス,5850693000,5371676000,26787817000,23608309000,88.13,S100YEYJ,2026-03-31,,2026-06-19
4507,塩野義製薬株式会社,塩野義製薬株式会社,488885000000,903452000000,1783962000000,1685215000000,94.46,S100YF57,2026-03-31,,2026-06-19
6005,三浦工業株式会社,三浦工業株式会社,82245000000,142129000000,338002000000,243157000000,71.94,S100YEGC,2026-03-31,,2026-06-19
6473,株式会社ジェイテクト,株式会社ジェイテクト,322449000000,505302000000,955848000000,790206000000,82.67,S100YEL3,2026-03-31,,2026-06-19
9434,ソフトバンク株式会社,ソフトバンク株式会社,1865230000000,4674175000000,6008195000000,2957859000000,49.23,S100YE76,2026-03-31,,2026-06-19
6098,株式会社リクルートホールディングス,株式会社リクルートホールディングス,269710000000,871552000000,1607077000000,1583321000000,98.52,S100YDHL,2026-03-31,,2026-06-19
6971,京セラ株式会社,京セラ株式会社,607010000000,871643000000,3313512000000,3339431000000,100.78,S100YF47,2026-03-31,,2026-06-19
6089,株式会社ウィルグループ,株式会社ウィルグループ,3942000000,7141000000,22305000000,20240000000,90.74,S100YFJF,2026-03-31,,2026-06-19
287A,黒田グループ株式会社,黒田グループ株式会社,6693000000,50085000000,76450000000,41140000000,53.81,S100YFL2,2026-03-31,,2026-06-19
5411,ＪＦＥホールディングス株式会社,ＪＦＥホールディングス株式会社,767557000000,1881051000000,2992286000000,2619535000000,87.54,S100YCUD,2026-03-31,,2026-06-19
7198,ＳＢＩアルヒ株式会社,ＳＢＩアルヒ株式会社,103839000000,107631000000,132522000000,42112000000,31.78,S100YFMO,2026-03-31,,2026-06-19
7366,株式会社ＬＩＴＡＬＩＣＯ,株式会社ＬＩＴＡＬＩＣＯ,12130000000,19220000000,30003000000,14360000000,47.86,S100YDDX,2026-03-31,,2026-06-18
5741,株式会社ＵＡＣＪ,株式会社ＵＡＣＪ,247631000000,463127000000,653432000000,346973000000,53.1,S100YCV0,2026-03-31,,2026-06-18
3401,帝人株式会社,帝人株式会社,192836000000,275401000000,539644000000,364461000000,67.54,S100YCMK,2026-03-31,,2026-06-18
7047,ポート株式会社,ポート株式会社,5526000000,16336000000,23952000000,10549000000,44.04,S100YDYD,2026-03-31,,2026-06-18
7733,オリンパス株式会社,オリンパス株式会社,394944000000,417620000000,890594000000,812040000000,91.18,S100YDN3,2026-03-31,,2026-06-18
6701,日本電気株式会社,日本電気株式会社,1640518000000,1758294000000,3075556000000,2196578000000,71.42,S100YBFV,2026-03-31,,2026-06-18
2371,株式会社カカクコム,株式会社カカクコム,63842000000,26175000000,87486000000,64988000000,74.28,S100YBGN,2026-03-31,,2026-06-17
7282,豊田合成株式会社,豊田合成株式会社,229116000000,218920000000,552945000000,568563000000,102.82,S100YC23,2026-03-31,,2026-06-17
5938,株式会社ＬＩＸＩＬ,株式会社ＬＩＸＩＬ,388708000000,754393000000,1148130000000,664838000000,57.91,S100YD5L,2026-03-31,,2026-06-17
4502,武田薬品工業株式会社,武田薬品工業株式会社,602273000000,5880751000000,9639677000000,7429441000000,77.07,S100YB5L,2026-03-31,,2026-06-17
7752,株式会社リコー,株式会社リコー,378131000000,658143000000,1112496000000,1156141000000,103.92,S100YBFF,2026-03-31,,2026-06-16
8133,伊藤忠エネクス株式会社,伊藤忠エネクス株式会社,147486000000,145691000000,259568000000,181772000000,70.03,S100YC4K,2026-03-31,,2026-06-16
5076,インフロニア・ホールディングス株式会社,インフロニア・ホールディングス株式会社,232297000000,582259000000,952374000000,610601000000,64.11,S100YCIP,2026-03-31,,2026-06-16
4503,アステラス製薬株式会社,アステラス製薬株式会社,649133000000,1049540000000,2649464000000,1829044000000,69.03,S100YBPK,2026-03-31,,2026-06-16
9432,ＮＴＴ株式会社,ＮＴＴ株式会社,355415000000,8006647000000,14892367000000,9727623000000,65.32,S100YCP3,2026-03-31,,2026-06-16
2327,日鉄ソリューションズ株式会社,日鉄ソリューションズ株式会社,244256000000,126227000000,364416000000,279203000000,76.62,S100YAEV,2026-03-31,,2026-06-15
5857,ＡＲＥホールディングス株式会社,ＡＲＥホールディングス株式会社,138858000000,138160000000,249092000000,230555000000,92.56,S100YBFP,2026-03-31,,2026-06-15
2802,味の素株式会社,味の素株式会社,256372000000,771918000000,1103818000000,770819000000,69.83,S100Y992,2026-03-31,,2026-06-12
8053,住友商事株式会社,住友商事株式会社,2732446000000,4939824000000,7209656000000,4628555000000,64.2,S100YARD,2026-03-31,,2026-06-12
7259,株式会社アイシン,株式会社アイシン,1169289000000,1506971000000,2680818000000,2200573000000,82.09,S100YAWO,2026-03-31,,2026-06-12
8031,三井物産株式会社,三井物産株式会社,2543361000000,6479099000000,9290602000000,8767744000000,94.37,S100YAVT,2026-03-31,,2026-06-12
4902,コニカミノルタ株式会社,コニカミノルタ株式会社,246318000000,514035000000,824021000000,536505000000,65.11,S100YB93,2026-03-31,,2026-06-12
3116,トヨタ紡織株式会社,トヨタ紡織株式会社,376971000000,454785000000,711688000000,485256000000,68.18,S100Y9AH,2026-03-31,,2026-06-09
2768,双日株式会社,双日株式会社,820614000000,1548897000000,2130558000000,1090369000000,51.18,S100Y9EI,2026-03-31,,2026-06-09
4413,株式会社ボードルア,株式会社ボードルア,3796510000,2775137000,9077801000,7718798000,85.03,S100Y6J0,2026-02-28,,2026-05-27
339A,プログレス・テクノロジーズ　グループ株式会社,プログレス・テクノロジーズ　グループ株式会社,1041000000,5806000000,9389000000,6015000000,64.06,S100Y6XY,2026-02-28,,2026-05-27
3086,Ｊ．フロント　リテイリング株式会社,Ｊ．フロント　リテイリング株式会社,139893000000,254103000000,575147000000,415586000000,72.26,S100Y6K0,2026-02-28,,2026-05-26
3387,株式会社クリエイト・レストランツ・ホールディングス,株式会社クリエイト・レストランツ・ホールディングス,10412000000,30427000000,65570000000,43769000000,66.75,S100Y2PC,2026-02-28,,2026-05-26
4432,ウイングアーク１ｓｔ株式会社,ウイングアーク１ｓｔ株式会社,15744214000,22569748000,46851259000,47000138000,100.32,S100Y628,2026-02-28,,2026-05-25
6183,株式会社ベルシステム２４ホールディングス,株式会社ベルシステム２４ホールディングス,8911000000,58864000000,102230000000,73928000000,72.32,S100Y5Z2,2026-02-28,,2026-05-25
3612,株式会社ワールド,株式会社ワールド,14131000000,92605000000,122033000000,94659000000,77.57,S100Y4W7,2026-02-28,,2026-05-21
5889,Ｊａｐａｎ　Ｅｙｅｗｅａｒ　Ｈｏｌｄｉｎｇｓ株式会社,Ｊａｐａｎ　Ｅｙｅｗｅａｒ　Ｈｏｌｄｉｎｇｓ株式会社,1059000000,12208000000,23399000000,18187000000,77.73,S100Y0I2,2026-01-31,,2026-04-23
7445,株式会社ライトオン,株式会社ライトオン,6621000000,11586000000,11197000000,-389000000,-3.47,S100XYPY,2026-08-31,,2026-04-15
7915,ＮＩＳＳＨＡ株式会社,ＮＩＳＳＨＡ株式会社,48998000000,80077000000,156567000000,115316000000,73.65,S100XS06,2025-12-31,,2026-03-23
5259,ＢＢＤイニシアティブ株式会社,ＢＢＤイニシアティブ株式会社,569559000,611853000,2221860000,1758216000,79.13,S100XCEC,2025-09-30,,2025-12-23
