sec_code,name,market,sector,alert_section,is_supervised,price,price_date,last_quote,traded_days_20,avg_turnover_20,avg_turnover_20_m,days_since_trade,window_days,as_of
624A,かがやきＨＤ,ネクスト市場,サービス業,,False,1114.0,2026-10-02,,7,44543255,44.5,0.0,20,2026-10-02
6623,愛知電,プレミア市場,電気機器,,False,8940.0,2026-10-02,,20,39248600,39.2,0.0,20,2026-10-02
7485,岡谷鋼機,プレミア市場,卸売業,,False,5210.0,2026-10-02,,20,39114300,39.1,0.0,20,2026-10-02
7076,名南Ｍ＆Ａ,メイン市場,サービス業,,False,875.0,2026-10-02,,20,19752460,19.8,0.0,20,2026-10-02
3260,エスポア,,サービス業,整理,True,34.0,2026-10-02,,20,16406355,16.4,0.0,20,2026-10-02
8228,マルイチ産商,メイン市場,卸売業,,False,1051.0,2026-10-02,,20,16119200,16.1,0.0,20,2026-10-02
2467,ＶＬＣセキュリティ,ネクスト市場,サービス業,,False,204.0,2026-10-02,,20,13120670,13.1,0.0,20,2026-10-02
1869,名工建,メイン市場,建設業,,False,1893.0,2026-10-02,,20,12423110,12.4,0.0,20,2026-10-02
9402,中日放送,プレミア市場,情報・通信業,,False,1267.0,2026-10-02,,20,10020815,10.0,0.0,20,2026-10-02
2902,太陽化,メイン市場,食料品,,False,2747.0,2026-10-02,,20,9452425,9.5,0.0,20,2026-10-02
5607,中央可鍛,メイン市場,鉄 鋼,,False,609.0,2026-10-02,,20,7248975,7.2,0.0,20,2026-10-02
9357,名港海,メイン市場,倉庫・運輸関連業,,False,2480.0,2026-10-02,,20,6936545,6.9,0.0,20,2026-10-02
1777,川崎設備,メイン市場,建設業,,False,2327.0,2026-10-02,,20,6917545,6.9,0.0,20,2026-10-02
7488,ヤガミ,メイン市場,卸売業,,False,5220.0,2026-10-02,5000.0,19,6632450,6.6,0.0,20,2026-10-02
418A,ウリドキ,ネクスト市場,情報・通信業,,False,1350.0,2026-10-02,,20,6023880,6.0,0.0,20,2026-10-02
6565,ＡＢホテル,メイン市場,サービス業,,False,1289.0,2026-10-02,,20,5837645,5.8,0.0,20,2026-10-02
2551,マルサンアイ,メイン市場,食料品,,False,3505.0,2026-10-02,,20,5672550,5.7,0.0,20,2026-10-02
3504,丸八ホールディングス,メイン市場,繊維製品,,False,1438.0,2026-10-02,,20,5137705,5.1,0.0,20,2026-10-02
3066,ＪＢイレブン,メイン市場,小売業,,False,621.0,2026-10-02,,20,5057080,5.1,0.0,20,2026-10-02
5075,アップコン,ネクスト市場,建設業,,False,1008.0,2026-10-02,,20,4680410,4.7,0.0,20,2026-10-02
9359,伊勢湾海,メイン市場,倉庫・運輸関連業,,False,948.0,2026-10-02,,20,4254460,4.3,0.0,20,2026-10-02
8190,ヤマナカ,メイン市場,小売業,,False,516.0,2026-10-02,,20,4021870,4.0,0.0,20,2026-10-02
6225,エコム,メイン市場,機 械,,False,2060.0,2026-10-02,2100.0,16,3770350,3.8,0.0,20,2026-10-02
9040,大宝運,メイン市場,陸運業,,False,4010.0,2026-10-02,4000.0,19,3628550,3.6,0.0,20,2026-10-02
9170,成友興業,メイン市場,サービス業,,False,1418.0,2026-10-01,1418.0,19,3526995,3.5,1.0,20,2026-10-02
377A,エージェントＩＧＨＤ,メイン市場,保険業,,False,1189.0,2026-10-02,,20,3508280,3.5,0.0,20,2026-10-02
3032,ゴルフ・ドゥ,ネクスト市場,小売業,,False,206.0,2026-10-02,,20,3423075,3.4,0.0,20,2026-10-02
3739,コムシード,ネクスト市場,情報・通信業,,False,120.0,2026-10-02,,20,3368235,3.4,0.0,20,2026-10-02
259A,ケイ・ウノ,ネクスト市場,小売業,,False,1652.0,2026-10-02,,20,2896480,2.9,0.0,20,2026-10-02
3775,ガイアックス,ネクスト市場,情報・通信業,,False,421.0,2026-10-02,,20,2566430,2.6,0.0,20,2026-10-02
6111,旭精機,メイン市場,機 械,,False,2008.0,2026-10-02,,20,2510175,2.5,0.0,20,2026-10-02
9664,御園座,メイン市場,サービス業,,False,1502.0,2026-10-02,1499.0,19,2435590,2.4,0.0,20,2026-10-02
9643,中日興,メイン市場,サービス業,,False,10880.0,2026-10-02,10860.0,13,2267150,2.3,0.0,20,2026-10-02
5343,ニッコー,メイン市場,ガラス・土石製品,,False,183.0,2026-10-02,,20,1987555,2.0,0.0,20,2026-10-02
7675,セントラルフォレスト,メイン市場,卸売業,,False,2778.0,2026-09-29,2778.0,15,1882465,1.9,3.0,20,2026-10-02
3346,ヒロタグループＨＤ,ネクスト市場,小売業,,False,76.0,2026-10-02,,20,1866070,1.9,0.0,20,2026-10-02
6142,富士精工,メイン市場,機 械,,False,1800.0,2026-10-02,1751.0,19,1810225,1.8,0.0,20,2026-10-02
5386,鶴弥,メイン市場,ガラス・土石製品,,False,387.0,2026-10-02,382.0,19,1696630,1.7,0.0,20,2026-10-02
7118,伸和ホールディングス,ネクスト市場,小売業,,False,4600.0,2026-10-02,4850.0,18,1663375,1.7,0.0,20,2026-10-02
5979,カネソウ,メイン市場,金属製品,,False,2630.0,2026-10-02,2567.0,12,1578725,1.6,0.0,20,2026-10-02
3419,アートグリーン,ネクスト市場,卸売業,,False,1981.0,2026-10-02,,20,1431975,1.4,0.0,20,2026-10-02
7227,アスカ,メイン市場,輸送用機器,,False,1826.0,2026-10-02,1860.0,16,1340580,1.3,0.0,20,2026-10-02
5530,日本システムバンク,メイン市場,不動産業,,False,1110.0,2026-10-02,1101.0,19,1324975,1.3,0.0,20,2026-10-02
391A,山忠,メイン市場,不動産業,,False,2430.0,2026-10-02,2485.0,17,1282500,1.3,0.0,20,2026-10-02
3808,オーケーウェブ,ネクスト市場,情報・通信業,,False,23.0,2026-10-02,,20,1271175,1.3,0.0,20,2026-10-02
6025,日本ＰＣサービス,ネクスト市場,サービス業,,False,710.0,2026-09-30,710.0,13,1238685,1.2,2.0,20,2026-10-02
3442,ＭＩＥコーポ,メイン市場,金属製品,,False,1735.0,2026-10-02,1827.0,17,1051925,1.1,0.0,20,2026-10-02
4062,イビデン,プレミア市場,電気機器,,False,18900.0,2026-09-14,12100.0,5,1008325,1.0,10.0,20,2026-10-02
3670,協立情報通信,メイン市場,情報・通信業,,False,1652.0,2026-10-02,1654.0,18,1003750,1.0,0.0,20,2026-10-02
7946,光陽社,メイン市場,その他製品,,False,351.0,2026-10-02,322.0,19,931170,0.9,0.0,20,2026-10-02
8306,三菱ＵＦＪ,プレミア市場,銀行業,,False,3660.0,2026-09-30,3544.0,5,846170,0.8,2.0,20,2026-10-02
7870,福島印,メイン市場,その他製品,,False,364.0,2026-10-02,364.0,19,725420,0.7,0.0,20,2026-10-02
8145,中部水,メイン市場,卸売業,,False,3275.0,2026-10-02,3290.0,15,703525,0.7,0.0,20,2026-10-02
6439,中日鋳工,メイン市場,機 械,,False,412.0,2026-10-02,,20,642875,0.6,0.0,20,2026-10-02
9471,文渓堂,メイン市場,情報・通信業,,False,1135.0,2026-10-02,1135.0,15,627310,0.6,0.0,20,2026-10-02
1738,ＮＩＴＴＯＨ,メイン市場,建設業,,False,576.0,2026-10-02,581.0,18,602805,0.6,0.0,20,2026-10-02
3384,アークコア,ネクスト市場,卸売業,,False,768.0,2026-10-02,763.0,19,588840,0.6,0.0,20,2026-10-02
7950,デコラックス,メイン市場,化 学,,False,9600.0,2026-10-02,9350.0,7,565900,0.6,0.0,20,2026-10-02
8071,東海エレ,メイン市場,卸売業,,False,3000.0,2026-10-02,2978.0,13,507910,0.5,0.0,20,2026-10-02
4760,アルファ,メイン市場,サービス業,,False,1200.0,2026-10-02,1199.0,9,442410,0.4,0.0,20,2026-10-02
6655,洋電機,メイン市場,電気機器,,False,789.0,2026-10-02,802.0,19,389485,0.4,0.0,20,2026-10-02
7203,トヨタ自,プレミア市場,輸送用機器,,False,2940.0,2026-09-29,2856.5,7,348955,0.3,3.0,20,2026-10-02
9914,植松商会,メイン市場,卸売業,,False,716.0,2026-10-02,736.0,14,348730,0.3,0.0,20,2026-10-02
9502,中部電力,プレミア市場,電気・ガス業,,False,2650.0,2026-10-01,2635.0,2,327745,0.3,1.0,20,2026-10-02
1892,徳倉建,メイン市場,建設業,,False,8200.0,2026-09-30,8200.0,5,282900,0.3,2.0,20,2026-10-02
5241,日本オーエー研究所,メイン市場,情報・通信業,,False,788.0,2026-10-02,720.0,16,273590,0.3,0.0,20,2026-10-02
5401,日本製鉄,プレミア市場,鉄 鋼,,False,656.0,2026-09-30,642.5,6,269555,0.3,2.0,20,2026-10-02
6846,中央製,メイン市場,電気機器,,False,1415.0,2026-09-30,1415.0,9,202080,0.2,2.0,20,2026-10-02
1878,大東建,プレミア市場,不動産業,,False,3217.0,2026-10-02,3110.0,1,193020,0.2,0.0,20,2026-10-02
5342,ジャニス工,メイン市場,ガラス・土石製品,,False,400.0,2026-10-02,408.0,15,157280,0.2,0.0,20,2026-10-02
7630,壱番屋,プレミア市場,小売業,,False,1094.0,2026-09-25,1096.0,3,150660,0.2,5.0,20,2026-10-02
6203,豊和工,プレミア市場,機 械,,False,2098.0,2026-09-09,2516.0,2,115650,0.1,13.0,20,2026-10-02
275A,ハンワホームズ,ネクスト市場,建設業,,False,353.0,2026-10-02,360.0,10,108825,0.1,0.0,20,2026-10-02
7790,バルコス,ネクスト市場,その他製品,,False,1065.0,2026-10-01,1065.0,10,91595,0.1,1.0,20,2026-10-02
9022,ＪＲ東海,プレミア市場,陸運業,,False,3943.0,2026-09-02,3621.0,1,78860,0.1,18.0,20,2026-10-02
4063,信越化,プレミア市場,化 学,,False,5860.0,2026-09-11,6030.0,1,58600,0.1,11.0,20,2026-10-02
7011,三菱重,プレミア市場,機 械,,False,3734.0,2026-09-16,3813.0,2,56450,0.1,8.0,20,2026-10-02
8316,三井住友,プレミア市場,銀行業,,False,3404.0,2026-09-29,3321.0,1,51060,0.1,3.0,20,2026-10-02
7012,川崎重,プレミア市場,輸送用機器,,False,2444.5,2026-09-28,2350.0,3,49268,0.0,4.0,20,2026-10-02
6902,デンソー,プレミア市場,輸送用機器,,False,1833.0,2026-10-01,1808.0,2,46410,0.0,1.0,20,2026-10-02
7747,アサヒインテック,プレミア市場,精密機器,,False,3352.0,2026-09-08,3293.0,2,34075,0.0,14.0,20,2026-10-02
8604,野村,プレミア市場,証券、商品先物取引業,,False,1596.5,2026-09-28,1507.0,1,31930,0.0,4.0,20,2026-10-02
5332,ＴＯＴＯ,プレミア市場,ガラス・土石製品,,False,6000.0,2026-09-02,6097.0,1,30000,0.0,18.0,20,2026-10-02
4502,武田薬,プレミア市場,医薬品,,False,5729.0,2026-09-30,5643.0,1,28645,0.0,2.0,20,2026-10-02
7649,スギＨＤ,プレミア市場,小売業,,False,1285.0,2026-09-02,1235.0,1,25700,0.0,18.0,20,2026-10-02
7412,アトム,メイン市場,小売業,,False,353.0,2026-09-28,316.0,2,19540,0.0,4.0,20,2026-10-02
4681,リゾートトラ,プレミア市場,サービス業,,False,1847.0,2026-09-07,1733.5,1,18470,0.0,15.0,20,2026-10-02
8309,三井住友トラストＧ,プレミア市場,銀行業,,False,1800.0,2026-09-07,1743.0,1,18000,0.0,15.0,20,2026-10-02
6136,ＯＳＧ,プレミア市場,機 械,,False,3600.0,2026-09-30,3649.0,1,18000,0.0,2.0,20,2026-10-02
5802,住友電工,プレミア市場,非鉄金属,,False,2450.0,2026-10-02,2452.0,1,12250,0.0,0.0,20,2026-10-02
3771,システムリサーチ,プレミア市場,情報・通信業,,False,1932.0,2026-09-16,1857.0,1,9660,0.0,8.0,20,2026-10-02
5938,ＬＩＸＩＬ,プレミア市場,金属製品,,False,1763.0,2026-09-03,1681.0,1,8815,0.0,17.0,20,2026-10-02
9956,バローＨＤ,プレミア市場,小売業,,False,1632.0,2026-10-02,1610.0,1,8160,0.0,0.0,20,2026-10-02
4658,日本空調,プレミア市場,サービス業,,False,1608.0,2026-09-16,1541.0,1,8040,0.0,8.0,20,2026-10-02
5020,ＥＮＥＯＳ,プレミア市場,石油・石炭製品,,False,1444.0,2026-09-17,1364.0,1,7220,0.0,7.0,20,2026-10-02
7241,フタバ産,プレミア市場,輸送用機器,,False,1119.0,2026-09-28,1043.0,1,5595,0.0,4.0,20,2026-10-02
6470,大豊工業,プレミア市場,機 械,,False,1100.0,2026-09-08,1160.0,1,5500,0.0,14.0,20,2026-10-02
3461,パルマ,メイン市場,不動産業,,False,644.0,2026-09-28,561.0,1,3220,0.0,4.0,20,2026-10-02
3494,マリオン,メイン市場,不動産業,,False,463.0,2026-09-28,415.0,1,2315,0.0,4.0,20,2026-10-02
8920,東祥,プレミア市場,サービス業,,False,,,650.0,0,0,0.0,,20,2026-10-02
8995,誠建設,メイン市場,不動産業,,False,,,2013.0,0,0,0.0,,20,2026-10-02
8361,大垣銀,プレミア市場,銀行業,,False,,,1810.0,0,0,0.0,,20,2026-10-02
8904,ＡＶＡＮＴＩＡ,プレミア市場,不動産業,,False,,,819.0,0,0,0.0,,20,2026-10-02
8522,名古屋銀,プレミア市場,銀行業,,False,,,7200.0,0,0,0.0,,20,2026-10-02
8601,大和証Ｇ,プレミア市場,証券、商品先物取引業,,False,,,1751.0,0,0,0.0,,20,2026-10-02
8076,カノークス,メイン市場,卸売業,,False,,,2082.0,0,0,0.0,,20,2026-10-02
8130,サンゲツ,プレミア市場,卸売業,,False,,,3120.0,0,0,0.0,,20,2026-10-02
8160,木曽路,プレミア市場,小売業,,False,,,2289.0,0,0,0.0,,20,2026-10-02
8225,タカチホ,メイン市場,卸売業,,False,,,3650.0,0,0,0.0,,20,2026-10-02
8285,三谷産業,プレミア市場,卸売業,,False,,,812.0,0,0,0.0,,20,2026-10-02
8368,百五銀,プレミア市場,銀行業,,False,,,2584.0,0,0,0.0,,20,2026-10-02
7953,菊水化,メイン市場,その他製品,,False,,,402.0,0,0,0.0,,20,2026-10-02
7975,リヒトラブ,メイン市場,その他製品,,False,,,1161.0,0,0,0.0,,20,2026-10-02
8015,豊田通商,プレミア市場,卸売業,,False,,,7264.0,0,0,0.0,,20,2026-10-02
9221,フルハシＥＰＯ,メイン市場,サービス業,,False,,,1150.0,0,0,0.0,,20,2026-10-02
9223,ＡＳＮＯＶＡ,ネクスト市場,サービス業,,False,,,361.0,0,0,0.0,,20,2026-10-02
2327,ＮＳＳＯＬ,メイン市場,情報・通信業,,False,,,3821.0,0,0,0.0,,20,2026-10-02
2329,東北新社,メイン市場,情報・通信業,,False,,,487.0,0,0,0.0,,20,2026-10-02
2351,ＡＳＪ,メイン市場,情報・通信業,,False,,,330.0,0,0,0.0,,20,2026-10-02
2376,サイネックス,メイン市場,サービス業,,False,,,783.0,0,0,0.0,,20,2026-10-02
2424,ブラス,プレミア市場,サービス業,,False,,,616.0,0,0,0.0,,20,2026-10-02
2435,シダー,メイン市場,サービス業,,False,,,205.0,0,0,0.0,,20,2026-10-02
246A,アスア,メイン市場,サービス業,,False,,,1118.0,0,0,0.0,,20,2026-10-02
2053,中部飼料,プレミア市場,食料品,,False,,,1902.0,0,0,0.0,,20,2026-10-02
212A,フィットイージー,プレミア市場,サービス業,,False,,,2735.0,0,0,0.0,,20,2026-10-02
2139,中広,プレミア市場,サービス業,,False,,,509.0,0,0,0.0,,20,2026-10-02
7943,ニチハ,プレミア市場,ガラス・土石製品,,False,,,2797.0,0,0,0.0,,20,2026-10-02
9987,スズケン,プレミア市場,卸売業,,False,,,2558.5,0,0,0.0,,20,2026-10-02
138A,光フードサービス,ネクスト市場,小売業,,False,,,3105.0,0,0,0.0,,20,2026-10-02
8609,岡三,プレミア市場,証券、商品先物取引業,,False,,,1213.0,0,0,0.0,,20,2026-10-02
2209,井村屋Ｇ,プレミア市場,食料品,,False,,,2275.0,0,0,0.0,,20,2026-10-02
2207,ｍｅｉｔｏ,プレミア市場,食料品,,False,,,3310.0,0,0,0.0,,20,2026-10-02
2185,シイエム・シイ,プレミア市場,サービス業,,False,,,1960.0,0,0,0.0,,20,2026-10-02
2169,ＣＤＳ,プレミア市場,サービス業,,False,,,1761.0,0,0,0.0,,20,2026-10-02
1928,積水ハウス,プレミア市場,建設業,,False,,,3310.0,0,0,0.0,,20,2026-10-02
1946,トーエネック,プレミア市場,建設業,,False,,,2128.0,0,0,0.0,,20,2026-10-02
1870,矢作建,プレミア市場,建設業,,False,,,2086.0,0,0,0.0,,20,2026-10-02
2224,コモ,メイン市場,食料品,,False,,,3810.0,0,0,0.0,,20,2026-10-02
1766,東建コーポ,プレミア市場,建設業,,False,,,12870.0,0,0,0.0,,20,2026-10-02
1780,ヤマウラ,プレミア市場,建設業,,False,,,1426.0,0,0,0.0,,20,2026-10-02
3439,三ツ知,メイン市場,金属製品,,False,,,684.0,0,0,0.0,,20,2026-10-02
1801,大成建,プレミア市場,建設業,,False,,,12110.0,0,0,0.0,,20,2026-10-02
3441,山王,メイン市場,金属製品,,False,,,1719.0,0,0,0.0,,20,2026-10-02
4920,日本色材,メイン市場,化 学,,False,,,1198.0,0,0,0.0,,20,2026-10-02
1444,ニッソウ,ネクスト市場,建設業,,False,,,2891.0,0,0,0.0,,20,2026-10-02
1812,鹿島,プレミア市場,建設業,,False,,,4884.0,0,0,0.0,,20,2026-10-02
523A,セイワＨＤ,ネクスト市場,金属製品,,False,,,1968.0,0,0,0.0,,20,2026-10-02
5271,トーヨーアサノ,メイン市場,ガラス・土石製品,,False,,,2285.0,0,0,0.0,,20,2026-10-02
4616,川上塗料,メイン市場,化 学,,False,,,2731.0,0,0,0.0,,20,2026-10-02
4667,アイサンテクノロ,メイン市場,情報・通信業,,False,,,1051.0,0,0,0.0,,20,2026-10-02
4691,ワシントンホテル,メイン市場,サービス業,,False,,,2004.0,0,0,0.0,,20,2026-10-02
4707,キタック,メイン市場,サービス業,,False,,,380.0,0,0,0.0,,20,2026-10-02
4732,ＵＳＳ,プレミア市場,サービス業,,False,,,1816.0,0,0,0.0,,20,2026-10-02
4206,アイカ工,プレミア市場,化 学,,False,,,4188.0,0,0,0.0,,20,2026-10-02
4240,クラスターＴ,メイン市場,化 学,,False,,,306.0,0,0,0.0,,20,2026-10-02
4247,ポバール興業,メイン市場,化 学,,False,,,1424.0,0,0,0.0,,20,2026-10-02
4361,川口化,メイン市場,化 学,,False,,,1647.0,0,0,0.0,,20,2026-10-02
4430,東海ソフト,プレミア市場,情報・通信業,,False,,,1711.0,0,0,0.0,,20,2026-10-02
4439,東名,プレミア市場,情報・通信業,,False,,,837.0,0,0,0.0,,20,2026-10-02
4445,リビンＴ,メイン市場,情報・通信業,,False,,,1791.0,0,0,0.0,,20,2026-10-02
5204,石塚硝,プレミア市場,ガラス・土石製品,,False,,,3030.0,0,0,0.0,,20,2026-10-02
1893,五洋建,プレミア市場,建設業,,False,,,1449.0,0,0,0.0,,20,2026-10-02
3974,ＳＣＡＴ,メイン市場,情報・通信業,,False,,,661.0,0,0,0.0,,20,2026-10-02
4463,日華化学,プレミア市場,化 学,,False,,,1969.0,0,0,0.0,,20,2026-10-02
4125,三和油化工業,メイン市場,化 学,,False,,,3650.0,0,0,0.0,,20,2026-10-02
4072,電算システムＨＤ,プレミア市場,情報・通信業,,False,,,3150.0,0,0,0.0,,20,2026-10-02
5947,リンナイ,プレミア市場,金属製品,,False,,,3349.0,0,0,0.0,,20,2026-10-02
5952,アマテイ,メイン市場,金属製品,,False,,,187.0,0,0,0.0,,20,2026-10-02
5984,兼房,メイン市場,金属製品,,False,,,780.0,0,0,0.0,,20,2026-10-02
4124,大阪油化工業,メイン市場,化 学,,False,,,2935.0,0,0,0.0,,20,2026-10-02
5992,中央発条,プレミア市場,金属製品,,False,,,3580.0,0,0,0.0,,20,2026-10-02
5994,ファインシンター,メイン市場,金属製品,,False,,,976.0,0,0,0.0,,20,2026-10-02
5482,愛知鋼,プレミア市場,鉄 鋼,,False,,,2990.0,0,0,0.0,,20,2026-10-02
6029,アトラＧ,メイン市場,サービス業,,False,,,188.0,0,0,0.0,,20,2026-10-02
550A,ソフトテックス,メイン市場,情報・通信業,,False,,,2260.0,0,0,0.0,,20,2026-10-02
5589,オートサーバー,メイン市場,情報・通信業,,False,,,2948.0,0,0,0.0,,20,2026-10-02
5918,滝上工,メイン市場,金属製品,,False,,,7780.0,0,0,0.0,,20,2026-10-02
4196,ネオマーケ,メイン市場,情報・通信業,,False,,,1322.0,0,0,0.0,,20,2026-10-02
5356,美濃窯業,メイン市場,ガラス・土石製品,,False,,,1256.0,0,0,0.0,,20,2026-10-02
5384,ＦＵＪＩＭＩ,プレミア市場,ガラス・土石製品,,False,,,3560.0,0,0,0.0,,20,2026-10-02
5461,中部鋼鈑,プレミア市場,鉄 鋼,,False,,,2110.0,0,0,0.0,,20,2026-10-02
5406,神戸鋼,プレミア市場,鉄 鋼,,False,,,1992.5,0,0,0.0,,20,2026-10-02
5471,大同特鋼,プレミア市場,鉄 鋼,,False,,,2471.0,0,0,0.0,,20,2026-10-02
5287,イトーヨーギョー,メイン市場,ガラス・土石製品,,False,,,903.0,0,0,0.0,,20,2026-10-02
5331,ノリタケ,プレミア市場,ガラス・土石製品,,False,,,3695.0,0,0,0.0,,20,2026-10-02
546A,ＭＩＲＡＩＮＩ,プレミア市場,卸売業,,False,,,2608.0,0,0,0.0,,20,2026-10-02
5333,ＮＧＫ,プレミア市場,ガラス・土石製品,,False,,,5624.0,0,0,0.0,,20,2026-10-02
5334,日特殊陶,プレミア市場,ガラス・土石製品,,False,,,3758.0,0,0,0.0,,20,2026-10-02
5344,ＭＡＲＵＷＡ,プレミア市場,ガラス・土石製品,,False,,,58350.0,0,0,0.0,,20,2026-10-02
6465,ホシザキ,プレミア市場,機 械,,False,,,5176.0,0,0,0.0,,20,2026-10-02
8616,東海東京,プレミア市場,証券、商品先物取引業,,False,,,892.0,0,0,0.0,,20,2026-10-02
8725,ＭＳ＆ＡＤ,プレミア市場,保険業,,False,,,4776.0,0,0,0.0,,20,2026-10-02
8803,平和不,プレミア市場,不動産業,,False,,,2250.0,0,0,0.0,,20,2026-10-02
8891,ＡＭＧＨＤ,メイン市場,不動産業,,False,,,2105.0,0,0,0.0,,20,2026-10-02
6508,明電舎,プレミア市場,電気機器,,False,,,11760.0,0,0,0.0,,20,2026-10-02
6504,富士電機,プレミア市場,電気機器,,False,,,14655.0,0,0,0.0,,20,2026-10-02
6501,日立,プレミア市場,電気機器,,False,,,5522.0,0,0,0.0,,20,2026-10-02
6473,ジェイテクト,プレミア市場,輸送用機器,,False,,,2120.0,0,0,0.0,,20,2026-10-02
6396,宇野沢鉄,メイン市場,機 械,,False,,,4670.0,0,0,0.0,,20,2026-10-02
6407,ＣＫＤ,プレミア市場,機 械,,False,,,5730.0,0,0,0.0,,20,2026-10-02
6345,アイチ,プレミア市場,機 械,,False,,,1430.0,0,0,0.0,,20,2026-10-02
6547,グリーンズ,プレミア市場,サービス業,,False,,,2020.0,0,0,0.0,,20,2026-10-02
6448,ブラザー,プレミア市場,電気機器,,False,,,4649.0,0,0,0.0,,20,2026-10-02
6267,ゼネパッカー,メイン市場,機 械,,False,,,4195.0,0,0,0.0,,20,2026-10-02
6325,タカキタ,プレミア市場,機 械,,False,,,416.0,0,0,0.0,,20,2026-10-02
6339,新東工,プレミア市場,機 械,,False,,,1119.0,0,0,0.0,,20,2026-10-02
6340,渋谷工,プレミア市場,機 械,,False,,,5590.0,0,0,0.0,,20,2026-10-02
6342,太平製,メイン市場,機 械,,False,,,2870.0,0,0,0.0,,20,2026-10-02
640A,ＡＳＮＯＶＡ,ネクスト市場,サービス業,,False,,,413.0,0,0,0.0,,20,2026-10-02
6564,ミダックＨＤ,プレミア市場,サービス業,,False,,,1867.0,0,0,0.0,,20,2026-10-02
6055,Ｊマテリアル,プレミア市場,サービス業,,False,,,2346.0,0,0,0.0,,20,2026-10-02
6074,ＪＳＳ,メイン市場,サービス業,,False,,,502.0,0,0,0.0,,20,2026-10-02
6134,ＦＵＪＩ,プレミア市場,機 械,,False,,,8059.0,0,0,0.0,,20,2026-10-02
6103,オークマ,プレミア市場,機 械,,False,,,4820.0,0,0,0.0,,20,2026-10-02
2734,サーラ,プレミア市場,小売業,,False,,,1176.0,0,0,0.0,,20,2026-10-02
3842,ネクストジェン,メイン市場,情報・通信業,,False,,,1370.0,0,0,0.0,,20,2026-10-02
3922,ＰＲＴＩＭＥＳ,プレミア市場,情報・通信業,,False,,,2144.0,0,0,0.0,,20,2026-10-02
2722,ＩＫホールディングス,プレミア市場,小売業,,False,,,361.0,0,0,0.0,,20,2026-10-02
3947,ダイナパック,メイン市場,パルプ・紙,,False,,,2500.0,0,0,0.0,,20,2026-10-02
3958,笹徳印刷,メイン市場,パルプ・紙,,False,,,542.0,0,0,0.0,,20,2026-10-02
3556,リネットジャパン,メイン市場,小売業,,False,,,760.0,0,0,0.0,,20,2026-10-02
3549,クスリのアオキＨＤ,メイン市場,小売業,,False,,,4411.0,0,0,0.0,,20,2026-10-02
3559,ピーバンドットコム,メイン市場,卸売業,,False,,,443.0,0,0,0.0,,20,2026-10-02
3571,ソトー,プレミア市場,繊維製品,,False,,,697.0,0,0,0.0,,20,2026-10-02
6036,ＫｅｅＰｅｒ技研,プレミア市場,サービス業,,False,,,3390.0,0,0,0.0,,20,2026-10-02
6346,キクカワ,メイン市場,機 械,,False,,,5550.0,0,0,0.0,,20,2026-10-02
3447,信和,プレミア市場,金属製品,,False,,,958.0,0,0,0.0,,20,2026-10-02
3577,東海染工,プレミア市場,繊維製品,,False,,,927.0,0,0,0.0,,20,2026-10-02
3524,日東網,プレミア市場,繊維製品,,False,,,1472.0,0,0,0.0,,20,2026-10-02
3469,デュアルタップ,メイン市場,不動産業,,False,,,897.0,0,0,0.0,,20,2026-10-02
3320,クロスプラス,メイン市場,卸売業,,False,,,1301.0,0,0,0.0,,20,2026-10-02
3321,ミタチ,プレミア市場,卸売業,,False,,,1870.0,0,0,0.0,,20,2026-10-02
3422,Ｊ－ＭＡＸ,メイン市場,金属製品,,False,,,657.0,0,0,0.0,,20,2026-10-02
3543,コメダ,プレミア市場,卸売業,,False,,,2791.0,0,0,0.0,,20,2026-10-02
7135,ジャパンクラフトＨＤ,プレミア市場,小売業,,False,,,170.0,0,0,0.0,,20,2026-10-02
7213,レシップＨＤ,プレミア市場,輸送用機器,,False,,,642.0,0,0,0.0,,20,2026-10-02
7220,武蔵精密,プレミア市場,輸送用機器,,False,,,3145.0,0,0,0.0,,20,2026-10-02
7231,トピー工,プレミア市場,輸送用機器,,False,,,3015.0,0,0,0.0,,20,2026-10-02
7245,大同メタル,プレミア市場,輸送用機器,,False,,,1236.0,0,0,0.0,,20,2026-10-02
7059,コプロＨＤ,プレミア市場,サービス業,,False,,,953.0,0,0,0.0,,20,2026-10-02
7073,ジェイック,メイン市場,サービス業,,False,,,2390.0,0,0,0.0,,20,2026-10-02
7075,ＱＬＳＨＤ,ネクスト市場,サービス業,,False,,,1000.0,0,0,0.0,,20,2026-10-02
7102,日車輌,プレミア市場,輸送用機器,,False,,,3530.0,0,0,0.0,,20,2026-10-02
7129,ミアヘルサＨＤ,メイン市場,小売業,,False,,,1129.0,0,0,0.0,,20,2026-10-02
6718,アイホン,プレミア市場,電気機器,,False,,,2714.0,0,0,0.0,,20,2026-10-02
6797,名古屋電,メイン市場,電気機器,,False,,,1166.0,0,0,0.0,,20,2026-10-02
6899,ＡＳＴＩ,メイン市場,電気機器,,False,,,2201.0,0,0,0.0,,20,2026-10-02
6995,東海理電,プレミア市場,輸送用機器,,False,,,3015.0,0,0,0.0,,20,2026-10-02
6999,ＫＯＡ,プレミア市場,電気機器,,False,,,2391.0,0,0,0.0,,20,2026-10-02
6586,マキタ,プレミア市場,機 械,,False,,,5258.0,0,0,0.0,,20,2026-10-02
6615,ＵＭＣエレ,メイン市場,電気機器,,False,,,231.0,0,0,0.0,,20,2026-10-02
6651,日東工,プレミア市場,電気機器,,False,,,4450.0,0,0,0.0,,20,2026-10-02
6676,ＢＵＦＦＡＬＯ,プレミア市場,電気機器,,False,,,3605.0,0,0,0.0,,20,2026-10-02
6702,富士通,プレミア市場,電気機器,,False,,,4069.0,0,0,0.0,,20,2026-10-02
7805,プリントネット,メイン市場,その他製品,,False,,,707.0,0,0,0.0,,20,2026-10-02
7871,フクビ化工,メイン市場,化 学,,False,,,1000.0,0,0,0.0,,20,2026-10-02
7875,竹田ｉＰ,メイン市場,その他製品,,False,,,881.0,0,0,0.0,,20,2026-10-02
6430,ダイコク電,プレミア市場,機 械,,False,,,2334.0,0,0,0.0,,20,2026-10-02
7878,光・彩,メイン市場,その他製品,,False,,,1119.0,0,0,0.0,,20,2026-10-02
7896,セブン工,メイン市場,その他製品,,False,,,501.0,0,0,0.0,,20,2026-10-02
7931,未来工業,プレミア市場,化 学,,False,,,3565.0,0,0,0.0,,20,2026-10-02
7928,旭化学,メイン市場,化 学,,False,,,617.0,0,0,0.0,,20,2026-10-02
7723,愛知時,プレミア市場,精密機器,,False,,,2857.0,0,0,0.0,,20,2026-10-02
7751,キヤノン,プレミア市場,電気機器,,False,,,4607.0,0,0,0.0,,20,2026-10-02
7780,メニコン,プレミア市場,精密機器,,False,,,1786.0,0,0,0.0,,20,2026-10-02
7682,浜木綿,メイン市場,小売業,,False,,,3710.0,0,0,0.0,,20,2026-10-02
7514,ヒマラヤ,プレミア市場,小売業,,False,,,854.0,0,0,0.0,,20,2026-10-02
7593,ＶＴＨＤ,プレミア市場,小売業,,False,,,510.0,0,0,0.0,,20,2026-10-02
7607,進和,プレミア市場,卸売業,,False,,,3010.0,0,0,0.0,,20,2026-10-02
7259,アイシン,プレミア市場,輸送用機器,,False,,,2147.5,0,0,0.0,,20,2026-10-02
7266,今仙電機,プレミア市場,輸送用機器,,False,,,954.0,0,0,0.0,,20,2026-10-02
7282,豊田合,プレミア市場,輸送用機器,,False,,,1038.5,0,0,0.0,,20,2026-10-02
7283,愛三工,プレミア市場,輸送用機器,,False,,,2135.0,0,0,0.0,,20,2026-10-02
7389,あいちＦＧ,プレミア市場,銀行業,,False,,,2026.0,0,0,0.0,,20,2026-10-02
7362,Ｔ．Ｓ．Ｉ,メイン市場,サービス業,,False,,,875.0,0,0,0.0,,20,2026-10-02
8031,三井物産,プレミア市場,卸売業,,False,,,4902.0,0,0,0.0,,20,2026-10-02
3138,富士山マガジン,メイン市場,小売業,,False,,,1198.0,0,0,0.0,,20,2026-10-02
3184,ＩＣＤＡ,メイン市場,小売業,,False,,,4095.0,0,0,0.0,,20,2026-10-02
3186,ネクステージ,プレミア市場,小売業,,False,,,2819.0,0,0,0.0,,20,2026-10-02
3202,ダイトウボウ,プレミア市場,繊維製品,,False,,,129.0,0,0,0.0,,20,2026-10-02
3205,ダイドー,プレミア市場,繊維製品,,False,,,735.0,0,0,0.0,,20,2026-10-02
3221,ヨシックスＨＤ,プレミア市場,小売業,,False,,,2929.0,0,0,0.0,,20,2026-10-02
3232,三重交通ＧＨＤ,プレミア市場,不動産業,,False,,,550.0,0,0,0.0,,20,2026-10-02
2986,ＬＡＨＤ,プレミア市場,不動産業,,False,,,2795.0,0,0,0.0,,20,2026-10-02
3028,アルペン,プレミア市場,小売業,,False,,,2341.0,0,0,0.0,,20,2026-10-02
3035,ケイティケイ,メイン市場,卸売業,,False,,,750.0,0,0,0.0,,20,2026-10-02
3086,Ｊフロント,プレミア市場,小売業,,False,,,2559.0,0,0,0.0,,20,2026-10-02
3091,ブロンコＢ,プレミア市場,小売業,,False,,,2866.0,0,0,0.0,,20,2026-10-02
3116,トヨタ紡織,プレミア市場,輸送用機器,,False,,,2131.0,0,0,0.0,,20,2026-10-02
7322,３３ＦＧ,プレミア市場,銀行業,,False,,,2255.0,0,0,0.0,,20,2026-10-02
2753,あみやき,プレミア市場,小売業,,False,,,1375.0,0,0,0.0,,20,2026-10-02
2778,パレモ・ＨＤ,メイン市場,小売業,,False,,,124.0,0,0,0.0,,20,2026-10-02
2806,ユタカフーズ,メイン市場,食料品,,False,,,1990.0,0,0,0.0,,20,2026-10-02
2780,コメ兵ＨＤ,メイン市場,小売業,,False,,,4480.0,0,0,0.0,,20,2026-10-02
2983,アールプランナー,メイン市場,不動産業,,False,,,1609.0,0,0,0.0,,20,2026-10-02
2479,ジェイテック,メイン市場,サービス業,,False,,,252.0,0,0,0.0,,20,2026-10-02
2480,シスロケ,メイン市場,情報・通信業,,False,,,1736.0,0,0,0.0,,20,2026-10-02
2811,カゴメ,プレミア市場,食料品,,False,,,2616.0,0,0,0.0,,20,2026-10-02
2485,ティア,プレミア市場,サービス業,,False,,,431.0,0,0,0.0,,20,2026-10-02
2681,セカンドリテイリング,プレミア市場,小売業,,False,,,2237.0,0,0,0.0,,20,2026-10-02
7380,十六ＦＧ,プレミア市場,銀行業,,False,,,2783.0,0,0,0.0,,20,2026-10-02
7369,メイホーＨＤ,ネクスト市場,サービス業,,False,,,390.0,0,0,0.0,,20,2026-10-02
9793,ダイセキ,プレミア市場,サービス業,,False,,,3490.0,0,0,0.0,,20,2026-10-02
9900,サガミＨＤ,プレミア市場,小売業,,False,,,1067.0,0,0,0.0,,20,2026-10-02
9913,日邦産業,メイン市場,卸売業,,False,,,3770.0,0,0,0.0,,20,2026-10-02
9969,ショクブン,メイン市場,小売業,,False,,,235.0,0,0,0.0,,20,2026-10-02
9982,タキヒヨー,プレミア市場,卸売業,,False,,,2808.0,0,0,0.0,,20,2026-10-02
1438,岐阜造園,メイン市場,建設業,,False,,,2196.0,0,0,0.0,,20,2026-10-02
9428,クロップス,プレミア市場,情報・通信業,,False,,,1439.0,0,0,0.0,,20,2026-10-02
9476,中央経済社ＨＤ,メイン市場,情報・通信業,,False,,,985.0,0,0,0.0,,20,2026-10-02
9531,東瓦斯,プレミア市場,電気・ガス業,,False,,,6173.0,0,0,0.0,,20,2026-10-02
9533,東邦瓦斯,プレミア市場,電気・ガス業,,False,,,1250.0,0,0,0.0,,20,2026-10-02
9249,日本エコシステム,メイン市場,サービス業,,False,,,1600.0,0,0,0.0,,20,2026-10-02
9306,東陽倉,プレミア市場,倉庫・運輸関連業,,False,,,1993.0,0,0,0.0,,20,2026-10-02
9310,トランスシティ,プレミア市場,倉庫・運輸関連業,,False,,,1379.0,0,0,0.0,,20,2026-10-02
9330,揚羽,ネクスト市場,サービス業,,False,,,880.0,0,0,0.0,,20,2026-10-02
9368,キムラユニティー,プレミア市場,倉庫・運輸関連業,,False,,,916.0,0,0,0.0,,20,2026-10-02
9048,名鉄,プレミア市場,陸運業,,False,,,1827.0,0,0,0.0,,20,2026-10-02
9073,京極運輸,メイン市場,陸運業,,False,,,1257.0,0,0,0.0,,20,2026-10-02
9076,セイノーＨＤ,プレミア市場,陸運業,,False,,,2570.5,0,0,0.0,,20,2026-10-02
1803,清水建,プレミア市場,建設業,,False,,,2089.5,0,0,0.0,,20,2026-10-02
1811,銭高組,メイン市場,建設業,,False,,,7410.0,0,0,0.0,,20,2026-10-02
