sec_code,company_name,ticker,price,market_cap,ncav,nc_ratio,equity_ratio,cash_and_equivalents,net_cash,net_cash_ratio,current_assets,total_liabilities,total_assets,accounting_standard,consolidated,fiscal_period,bs_date,submit_date,調整後終値,前日比%,5日騰落%,20日騰落%,60日安値乖離%,120日安値乖離%,52週安値乖離%,52週高値乖離%,停滞日数,20日平均売買代金(百万円)
2388,株式会社ウェッジホールディングス,2388.T,12.0,509460936.0,2244469000,4.405576250109194,77.69,1302999000.0,533525000.0,1.047234365384199,3013943000,769474000,3448602000,J-GAAP,連結,2026-09-30,2026-03-31,2026-05-15,12.0,-7.7,-55.6,-63.6,0.0,0.0,0.0,-83.3,1,10.9
7034,株式会社プロレド・パートナーズ,7034.T,316.0,3454383704.0,10348348000,2.9957146879824443,85.15,5667289000.0,3609190000.0,1.0448144471677372,12406447000,2058099000,13861295000,J-GAAP,連結,2026-10-31,2026-04-30,2026-06-15,316.0,-0.3,1.0,-8.4,6.0,6.0,6.0,-49.8,2,9.6
8783,ａｂｃ株式会社,8783.T,43.0,1965281374.0,5079114000,2.584420769053704,66.42,767437000.0,-4121891000.0,-2.097354126758238,9968442000,4889328000,14561749000,J-GAAP,連結,2026-08-31,2026-02-28,2026-04-14,43.0,-2.3,-2.3,-14.0,0.0,0.0,0.0,-87.6,1,25.3
8165,株式会社千趣会,8165.T,101.0,4724349437.0,10282000000,2.1763843121920194,71.03,6478000000.0,-531000000.0,-0.11239642771581039,17291000000,7009000000,24190000000,J-GAAP,連結,2026-12-31,2026-06-30,2026-08-18,101.0,1.0,1.0,-5.6,1.0,1.0,1.0,-57.6,17,20.1
7297,株式会社カーメイト,7297.T,854.0,6024114292.0,11996946000,1.9914871163603083,75.23,11139514000.0,6132526000.0,1.0179962900345318,17003934000,5006988000,20210160000,J-GAAP,連結,2026-03-31,2026-03-31,2026-06-25,854.0,-1.3,-1.7,0.3,2.0,3.4,7.8,-9.0,49,3.4
7427,エコートレーディング株式会社,7427.T,826.0,5016315346.0,9880142000,1.9696014541586597,31.31,6230654000.0,-20489977000.0,-4.084666849411424,36600773000,26720631000,38899047000,J-GAAP,連結,2026-02-28,2026-02-28,2026-05-26,826.0,-1.0,-0.8,-1.2,2.9,3.1,3.1,-9.9,38,7.1
3600,株式会社フジックス,3600.T,1756.0,2417102392.0,4755589000,1.967475194985451,84.3,2482013000.0,519702000.0,0.2150103370548483,6717900000,1962311000,12501084000,J-GAAP,連結,2026-03-31,2026-03-31,2026-06-24,1756.0,-2.4,-2.4,2.1,3.3,9.5,14.6,-2.4,1,0.3
2055,日和産業株式会社,2055.T,345.0,6248568585.0,12273000000,1.964129837585835,61.78,9390000000.0,-2387000000.0,-0.38200748980016197,24050000000,11777000000,30816000000,J-GAAP,連結,2026-03-31,2026-03-31,2026-06-25,345.0,-0.9,0.3,-2.3,5.2,10.9,10.9,-15.5,20,2.5
7399,株式会社ナンシン,7399.T,619.0,3960659120.0,7660598000,1.9341725121751958,83.03,4139149000.0,1659172000.0,0.41891310252420816,10140575000,2479977000,14613023000,J-GAAP,連結,2026-03-31,2026-03-31,2026-06-29,619.0,-0.3,0.5,1.0,6.6,14.0,14.0,-0.3,11,1.3
5956,トーソー株式会社,5956.T,581.0,5134428306.0,9638714000,1.877271124564418,68.71,4422486000.0,-2797137000.0,-0.5447806130102774,16858337000,7219623000,23070259000,J-GAAP,連結,2026-03-31,2026-03-31,2026-06-24,581.0,-0.5,0.2,2.3,3.0,6.9,11.1,-21.8,18,3.6
1904,大成温調株式会社,1904.T,1241.0,7719466760.0,14484045000,1.876301233014183,59.22,18978944000.0,-2181936000.0,-0.282653720501285,35644925000,21160880000,51892585000,J-GAAP,連結,2026-03-31,2026-03-31,2026-06-24,1241.0,1.0,-1.9,5.5,7.0,10.6,33.9,-3.4,7,65.2
6222,株式会社島精機製作所,6222.T,885.0,30018860160.0,55693000000,1.8552669789311547,75.21,21295000000.0,-5854000000.0,-0.1950107355441973,82842000000,27149000000,109531000000,J-GAAP,連結,2026-03-31,2026-03-31,2026-06-24,885.0,-0.7,-2.7,-6.1,3.3,4.8,5.5,-15.8,4,128.9
8881,株式会社日神グループホールディングス,8881.T,633.0,29564025093.0,54087572000,1.8295063622039256,49.36,58079247000.0,-16566034000.0,-0.56034433565416,128732853000,74645281000,147404755000,J-GAAP,連結,2026-03-31,2026-03-31,2026-06-25,633.0,0.2,-3.2,-5.5,0.5,2.1,12.4,-19.3,4,73.1
3932,株式会社アカツキ,3932.T,1273.0,15317078437.0,27502000000,1.7955121215261294,72.81,30555000000.0,13606000000.0,0.8882895035082727,44451000000,16949000000,62325000000,J-GAAP,連結,2026-03-31,2026-03-31,2026-06-26,1273.0,-5.1,2.4,8.7,39.6,47.6,63.4,-5.1,1,311.9
5753,日本伸銅株式会社,5753.T,2539.0,5425848078.0,9513000000,1.7532743016841983,68.74,246000000.0,-5535000000.0,-1.020117025104808,15294000000,5781000000,18492000000,J-GAAP,個別,2026-03-31,2026-03-31,2026-06-22,2539.0,-1.6,-2.2,-0.2,9.4,15.3,17.5,-14.8,2,5.2
6771,池上通信機株式会社,6771.T,678.0,4544154654.0,7962000000,1.7521410705050358,47.81,4669000000.0,-10946000000.0,-2.4088088618121226,23577000000,15615000000,29917000000,J-GAAP,連結,2026-03-31,2026-03-31,2026-06-25,678.0,0.7,-1.5,2.7,7.8,11.0,18.5,-20.6,6,6.9
8917,ファースト住建株式会社,8917.T,1073.0,14929274559.0,25762590000,1.725642454908783,69.2,19987341000.0,991104000.0,0.06638661484074057,44758827000,18996237000,61678195000,J-GAAP,連結,2026-10-31,2026-04-30,2026-06-12,1073.0,-0.3,-1.0,-4.4,2.4,6.0,6.0,-13.3,7,89.9
3236,株式会社プロパスト,3236.T,273.0,9034988235.0,15304000000,1.6938594275878434,36.57,11551000000.0,-18141000000.0,-2.0078609432743773,44996000000,29692000000,46809000000,J-GAAP,連結,2026-05-31,2026-05-31,2026-08-28,273.0,0.0,-3.2,-5.9,2.6,5.4,7.0,-31.6,4,21.3
5921,川岸工業株式会社,5921.T,4385.0,12069892285.0,19614099000,1.6250434168642625,81.89,2948121000.0,-3578596000.0,-0.2964894727724573,26140816000,6526717000,36034636000,J-GAAP,個別,2026-09-30,2026-03-31,2026-05-15,4385.0,0.6,0.8,3.9,14.6,16.8,16.8,0.0,3,10.7
2788,アップルインターナショナル株式会社,2788.T,412.0,5324327088.0,8647155000,1.6240841062317546,50.02,4373391000.0,-6976014000.0,-1.3102151473230452,19996560000,11349405000,22709813000,J-GAAP,連結,2026-12-31,2026-06-30,2026-08-10,412.0,0.5,0.0,-1.7,8.7,24.1,26.7,-6.2,3,38.6
6986,双葉電子工業株式会社,6986.T,706.0,29944990000.0,48391000000,1.6159965323080756,87.43,36189000000.0,22505000000.0,0.7515447492218231,62075000000,13684000000,108884000000,J-GAAP,連結,2026-03-31,2026-03-31,2026-06-25,706.0,-1.0,-4.7,-9.5,25.6,30.3,30.3,-14.4,4,384.6
6262,株式会社ＰＥＧＡＳＵＳ,6262.T,516.0,12353826384.0,19475401000,1.576467111859648,75.21,10516787000.0,-629890000.0,-0.05098744149551908,30622078000,11146677000,44963765000,J-GAAP,連結,2026-03-31,2026-03-31,2026-06-22,516.0,-2.1,-2.5,1.7,3.9,5.9,5.9,-47.1,1,27.8
4471,三洋化成工業株式会社,4471.T,1700.0,37522124600.0,58425000000,1.5570813386190823,83.14,34525000000.0,1555000000.0,0.04144221620115829,91395000000,32970000000,195526000000,J-GAAP,連結,2026-03-31,2026-03-31,2026-06-16,1700.0,-0.4,3.7,16.3,50.8,50.8,82.4,-0.4,2,643.8
5280,ヨシコン株式会社,5280.T,2165.0,15062409445.0,23433070000,1.55573184260893,67.34,2554525000.0,-11827818000.0,-0.7852540487090709,37815413000,14382343000,44030257000,J-GAAP,連結,2026-03-31,2026-03-31,2026-06-26,2165.0,-0.0,-0.6,-2.7,2.8,2.8,2.8,-28.9,7,17.1
6335,株式会社東京機械製作所,6335.T,575.0,4553837850.0,7023260000,1.5422727447355202,65.67,7976502000.0,2476564000.0,0.5438410592507154,12523198000,5499938000,16019874000,J-GAAP,連結,2026-03-31,2026-03-31,2026-06-24,575.0,0.0,-2.7,-4.2,1.8,22.6,27.8,-24.8,5,7.7
8904,株式会社ＡＶＡＮＴＩＡ,8904.T,821.0,11907327524.0,18343115000,1.5404896659664604,40.44,12027212000.0,-29511309000.0,-2.4784158276085058,59881636000,41538521000,69742485000,J-GAAP,連結,2026-08-31,2026-02-28,2026-04-14,821.0,-0.7,0.0,-1.1,0.6,3.8,6.6,-3.8,26,10.0
9885,株式会社　シャルレ,9885.T,334.0,4957736348.0,7628000000,1.5386054167800212,76.85,4854000000.0,931000000.0,0.18778731555089143,11551000000,3923000000,16947000000,J-GAAP,連結,2026-03-31,2026-03-31,2026-06-19,334.0,0.3,0.9,-0.6,0.9,0.9,0.9,-10.3,89,2.9
1420,サンヨーホームズ株式会社,1420.T,630.0,7813064070.0,11936386000,1.5277471031925123,35.59,10255257000.0,-20530958000.0,-2.627772896274227,42722601000,30786215000,47799063000,J-GAAP,連結,2026-03-31,2026-03-31,2026-06-23,630.0,-0.2,0.2,-0.5,0.8,4.3,4.3,-11.0,45,6.9
8891,ＡＭＧホールディングス株式会社,8891.T,2106.0,5899221900.0,8948830000,1.516950904999861,37.49,3483504000.0,-16499416000.0,-2.7968800427730987,28931750000,19982920000,31968383000,J-GAAP,連結,2026-03-31,2026-03-31,2026-06-22,2106.0,1.0,-0.8,2.9,9.0,26.7,26.7,-23.1,9,9.3
7937,株式会社ツツミ,7937.T,2413.0,37707084733.0,56433000000,1.4966153018616073,95.12,32225000000.0,28626000000.0,0.7591676790369176,60032000000,3599000000,73704000000,J-GAAP,個別,2026-03-31,2026-03-31,2026-06-25,2413.0,-0.8,-3.5,-7.6,0.0,0.0,14.2,-26.2,4,38.4
2484,株式会社出前館,2484.T,151.0,16817324208.0,25038000000,1.4888218654956669,74.83,24934000000.0,16375000000.0,0.9736983004829278,33597000000,8559000000,34005000000,J-GAAP,連結,2026-08-31,2026-02-28,2026-04-14,151.0,0.7,-1.3,-6.2,28.0,32.5,32.5,-18.4,7,68.3
5408,株式会社中山製鋼所,5408.T,606.0,32854483920.0,48800000000,1.4853375910218833,71.63,23245000000.0,-19976000000.0,-0.608014420456007,92021000000,43221000000,152371000000,J-GAAP,連結,2026-03-31,2026-03-31,2026-06-24,606.0,-1.5,-3.7,-6.8,0.3,4.5,12.7,-8.8,4,104.9
9162,株式会社ブリーチ,9162.T,226.0,5815386800.0,8603167000,1.479380013037138,72.52,6786757000.0,3288409000.0,0.5654669436605662,12101515000,3498348000,12729720000,J-GAAP,連結,2026-06-30,2026-06-30,2026-09-29,226.0,0.4,-0.9,-1.3,0.9,0.9,0.9,-34.5,9,2.3
6390,株式会社加藤製作所,6390.T,1284.0,14376181452.0,21149000000,1.4711138747527266,45.98,11068000000.0,-38830000000.0,-2.7009954019881968,71047000000,49898000000,92365000000,J-GAAP,連結,2026-03-31,2026-03-31,2026-06-24,1284.0,-0.1,-1.9,-1.4,3.0,11.6,11.6,-24.3,23,65.6
3439,株式会社三ツ知,3439.T,687.0,3212681304.0,4698775000,1.462571153307275,66.19,4704521000.0,-581523000.0,-0.18100861709375454,9984819000,5286044000,15633452000,J-GAAP,連結,2026-06-30,2026-06-30,2026-09-24,687.0,0.4,1.2,1.9,4.6,11.0,16.7,-10.6,15,0.9
3396,株式会社フェリシモ,3396.T,861.0,6132546546.0,8946000000,1.4587740888546694,70.05,9761000000.0,1360000000.0,0.2217675789003298,17347000000,8401000000,28053000000,J-GAAP,連結,2026-02-28,2026-02-28,2026-05-27,861.0,0.2,0.2,-0.5,1.4,5.0,6.4,-4.2,26,4.2
8772,株式会社アサックス,8772.T,924.0,30469824000.0,44175124000,1.449799119286019,40.55,8106992000.0,-69284783000.0,-2.273881956128135,121566899000,77391775000,130180783000,J-GAAP,連結,2026-03-31,2026-03-31,2026-06-23,924.0,1.3,1.8,4.1,12.7,19.2,19.2,0.0,8,6.3
5900,株式会社ダイケン,5900.T,878.0,4814415542.0,6874309000,1.4278595065236686,80.83,3316854000.0,71199000.0,0.014788710982438915,10119964000,3245655000,16932685000,J-GAAP,連結,2026-02-28,2026-02-28,2026-05-29,878.0,0.0,2.5,2.1,5.8,12.4,12.8,-4.1,3,1.3
6049,株式会社イトクロ,6049.T,249.0,5051485908.0,7193748000,1.4240855326563053,93.14,7097899000.0,6402197000.0,1.2673888666819577,7889450000,695702000,10147201000,J-GAAP,個別,2026-10-31,2026-04-30,2026-06-15,249.0,-1.6,-0.8,-1.6,3.3,3.3,3.3,-14.1,14,4.5
8938,グローム・ホールディングス株式会社,8938.T,312.0,3247252632.0,4615000000,1.4212014040797303,92.12,2546000000.0,1924000000.0,0.592500867052958,5237000000,622000000,7895000000,J-GAAP,連結,2026-03-31,2026-03-31,2026-06-24,312.0,-1.3,-2.5,-6.3,0.0,13.5,13.5,-50.2,2,2.6
6964,株式会社サンコー,6964.T,695.0,6166932380.0,8757157000,1.4200183268427535,71.22,4920154000.0,-1678017000.0,-0.2720991404806031,15355328000,6598171000,22927609000,J-GAAP,連結,2026-03-31,2026-03-31,2026-06-25,695.0,-1.0,0.6,0.3,2.8,6.4,27.1,-4.1,40,2.9
2193,クックパッド株式会社,2193.T,122.0,8769920834.0,12294358000,1.4018778769742313,92.29,6245262000.0,5135737000.0,0.5856081368590379,13403883000,1109525000,14390645000,IFRS,連結,2026-12-31,2026-06-30,2026-08-10,122.0,-0.8,-3.2,-5.4,7.0,9.9,9.9,-30.3,4,31.5
7266,株式会社今仙電機製作所,7266.T,963.0,20455386345.0,28514000000,1.3939604717839906,69.16,17575000000.0,-7437000000.0,-0.3635717201605365,53526000000,25012000000,81111000000,J-GAAP,連結,2026-03-31,2026-03-31,2026-06-19,963.0,0.0,-1.2,-2.5,8.8,18.6,34.7,-7.8,19,19.4
4839,株式会社ＷＯＷＯＷ,4839.T,923.0,26155568803.0,36405000000,1.3918642058292539,73.55,29684000000.0,4681000000.0,0.17896762388371754,61408000000,25003000000,94547000000,J-GAAP,連結,2026-03-31,2026-03-31,2026-06-18,923.0,-0.9,-5.1,-9.2,0.0,0.0,0.0,-40.0,4,102.1
6867,リーダー電子株式会社,6867.T,409.0,1752863979.0,2421292000,1.3813347920934143,74.28,1310685000.0,54976000.0,0.03136352886398152,3677001000,1255709000,4881799000,J-GAAP,連結,2026-03-31,2026-03-31,2026-06-25,409.0,0.2,-0.5,1.5,1.7,1.7,1.7,-18.6,34,3.1
4569,杏林製薬株式会社,4569.T,1052.0,60433502340.0,82113000000,1.358733100359313,72.87,11802000000.0,-41227000000.0,-0.6821878329681463,135142000000,53029000000,195455000000,J-GAAP,連結,2026-03-31,2026-03-31,2026-06-18,1052.0,-0.5,-4.8,-7.6,0.0,0.0,0.0,-38.0,4,211.9
8084,株式会社ＲＹＯＤＥＮ,8084.T,2471.0,53204919656.0,72085000000,1.3548559130634992,61.26,33462000000.0,-26308000000.0,-0.49446555262363234,131855000000,59770000000,154303000000,J-GAAP,連結,2026-03-31,2026-03-31,2026-06-24,2471.0,-0.0,5.1,7.7,35.1,54.7,76.5,-0.4,3,195.0
2108,日本甜菜製糖株式会社,2108.T,1753.0,20314652771.0,27487000000,1.3530627527751211,79.35,2555000000.0,-17623000000.0,-0.867501906070359,47665000000,20178000000,97696000000,J-GAAP,連結,2026-03-31,2026-03-31,2026-06-24,1753.0,-2.4,-3.4,-2.6,13.2,34.8,93.6,-9.8,1,203.8
7219,株式会社エッチ・ケー・エス,7219.T,2510.0,3551399000.0,4781209000,1.3462888850281256,81.64,2204655000.0,-256000000.0,-0.07208426876281714,7241864000,2460655000,13401125000,J-GAAP,連結,2026-08-31,2026-02-28,2026-04-13,2510.0,0.0,0.6,0.4,10.5,16.7,20.8,-6.3,2,3.3
6155,高松機械工業株式会社,6155.T,550.0,5935324450.0,7935000000,1.3369109080464843,78.11,5556000000.0,997000000.0,0.16797733778479457,12494000000,4559000000,20828000000,J-GAAP,連結,2026-03-31,2026-03-31,2026-06-24,550.0,0.5,1.3,3.8,12.1,19.1,25.2,0.0,6,2.6
8040,株式会社東京ソワール,8040.T,1048.0,3645396736.0,4856485000,1.332223994178723,76.38,1957683000.0,-1398536000.0,-0.3836443880548863,8212704000,3356219000,14210011000,J-GAAP,連結,2026-12-31,2026-06-30,2026-08-07,1048.0,-2.7,-1.1,0.0,2.7,3.8,7.1,-5.5,1,1.1
1850,南海辰村建設株式会社,1850.T,420.0,11771567640.0,15638000000,1.3284551793137385,56.17,6688000000.0,-8687000000.0,-0.7379645825999773,31013000000,15375000000,35079000000,J-GAAP,連結,2026-03-31,2026-03-31,2026-06-15,420.0,-2.3,-5.0,-3.7,4.2,8.0,8.0,-33.4,1,9.1
7841,株式会社遠藤製作所,7841.T,1064.0,8958370344.0,11807165000,1.318003671048052,81.47,8903976000.0,3624503000.0,0.4045940121718192,17086638000,5279473000,28498617000,J-GAAP,連結,2026-12-31,2026-06-30,2026-08-07,1064.0,-0.4,-3.2,-1.8,0.4,1.6,1.6,-20.4,4,13.5
9478,ＳＥホールディングス・アンド・インキュベーションズ株式会社,9478.T,499.0,7483711083.0,9772000000,1.3057692756469552,60.1,2986000000.0,-4471000000.0,-0.5974308669072387,17229000000,7457000000,18690000000,J-GAAP,連結,2026-03-31,2026-03-31,2026-06-18,499.0,-1.4,1.8,-6.9,1.8,7.1,39.8,-10.3,8,6.3
6943,ＮＫＫスイッチズ株式会社,6943.T,6390.0,5256695160.0,6852870000,1.3036460725639643,86.21,3718253000.0,1541316000.0,0.2932100784021876,9029807000,2176937000,15791197000,J-GAAP,連結,2026-03-31,2026-03-31,2026-06-25,6390.0,0.2,6.3,17.3,29.7,32.5,48.8,-0.2,4,5.1
3903,株式会社ｇｕｍｉ,3903.T,196.0,10563818664.0,13756423000,1.3022206682589075,76.8,3393609000.0,-3293111000.0,-0.3117349042749528,20443143000,6686720000,28821087000,J-GAAP,連結,2026-04-30,2026-04-30,2026-07-29,196.0,-0.5,-6.2,-30.2,0.0,0.0,0.0,-61.6,3,170.9
7877,永大化工株式会社,7877.T,2134.0,2624956576.0,3362010000,1.2807869016725402,73.22,2850116000.0,140292000.0,0.053445455548747335,6071834000,2709824000,10120437000,J-GAAP,連結,2026-03-31,2026-03-31,2026-06-25,2134.0,-2.5,-3.0,-4.2,2.7,10.8,33.5,-5.7,1,1.5
2917,株式会社大森屋,2917.T,899.0,4463563768.0,5695383000,1.2759721370692871,53.65,595845000.0,-9463959000.0,-2.1202696974665467,15755187000,10059804000,21704674000,J-GAAP,連結,2026-09-30,2026-03-31,2026-05-15,899.0,1.0,1.1,-2.6,1.1,1.1,1.6,-5.6,9,4.1
2693,ＹＫＴ株式会社,2693.T,277.0,3215574998.0,4087226000,1.2710715820785219,42.02,6112548000.0,-4985705000.0,-1.5504863059020464,15185479000,11098253000,19141376000,J-GAAP,連結,2026-12-31,2026-06-30,2026-08-07,277.0,-0.4,-4.2,1.5,1.5,16.4,23.1,-46.7,4,11.1
6054,株式会社リブセンス,6054.T,113.0,3114616740.0,3952703000,1.2690816655663386,88.58,3521494000.0,3000941000.0,0.9635024950132388,4473256000,520553000,4558679000,J-GAAP,連結,2026-12-31,2026-06-30,2026-08-14,113.0,0.9,2.7,0.0,5.6,7.6,7.6,-30.2,2,1.5
6664,株式会社オプトエレクトロニクス,6664.T,264.0,3960000000.0,5020770000,1.2678712121212121,60.92,5147020000.0,272510000.0,0.06881565656565657,9895280000,4874510000,12471678000,J-GAAP,連結,2026-11-30,2026-05-31,2026-07-10,264.0,1.1,1.1,2.7,12.8,13.8,13.8,-34.2,2,17.4
3189,株式会社ＡＮＡＰホールディングス,3189.T,86.0,3972472096.0,5005899000,1.2601470517667295,34.42,669710000.0,-9871472000.0,-2.4849695004629178,15547081000,10541182000,16074849000,J-GAAP,連結,2026-08-31,2026-02-28,2026-04-14,86.0,-7.5,-18.9,-23.9,0.0,0.0,0.0,-86.8,1,29.3
5984,兼房株式会社,5984.T,778.0,10814136204.0,13569510000,1.25479370187522,81.61,7885619000.0,821419000.0,0.0759578929379647,20633710000,7064200000,38403443000,J-GAAP,連結,2026-03-31,2026-03-31,2026-06-22,778.0,-0.3,-1.1,-0.7,8.2,11.3,20.4,-9.4,15,2.8
8144,株式会社デンキョーグループホールディングス,8144.T,1262.0,7925158080.0,9912000000,1.2507006043215734,76.39,4524000000.0,-3973000000.0,-0.501314921405328,18409000000,8497000000,35988000000,J-GAAP,連結,2026-03-31,2026-03-31,2026-06-25,1262.0,0.6,0.8,1.8,3.9,3.9,7.9,-7.6,21,10.3
5282,ジオスター株式会社,5282.T,383.0,11733166317.0,14570893000,1.2418551485875098,68.1,710303000.0,-11054977000.0,-0.9421989513591585,26336173000,11765280000,36885720000,J-GAAP,連結,2026-03-31,2026-03-31,2026-06-23,383.0,-0.8,-4.2,-8.8,0.0,6.2,18.2,-22.0,3,20.3
6135,株式会社　牧野フライス製作所,6135.T,3385.0,78835021815.0,97633000000,1.2384470474190101,61.8,75137000000.0,-86459000000.0,-1.0967080113568177,259229000000,161596000000,423026000000,J-GAAP,連結,2026-03-31,2026-03-31,2026-06-19,3385.0,2.3,9.7,16.0,28.1,68.7,73.3,0.0,1,1933.7
3297,株式会社東武住販,3297.T,1160.0,3143467760.0,3877126000,1.2333913677549535,75.63,930916000.0,-590412000.0,-0.18782187223704816,5398454000,1521328000,6241971000,J-GAAP,個別,2026-05-31,2026-05-31,2026-08-25,1160.0,-0.9,-3.7,-1.0,4.5,9.3,9.3,-12.7,3,2.9
1897,金下建設株式会社,1897.T,3495.0,7356608025.0,9067000000,1.2324973641639687,83.51,9845000000.0,5727000000.0,0.7784837768354527,13185000000,4118000000,24969000000,J-GAAP,連結,2026-12-31,2026-06-30,2026-08-10,3495.0,-3.9,-3.5,5.6,14.0,18.3,23.7,-10.4,1,3.8
4341,西菱電機株式会社,4341.T,912.0,3084719616.0,3801000000,1.232202752005322,46.02,1120000000.0,-5364000000.0,-1.7388938599727828,10285000000,6484000000,12013000000,J-GAAP,連結,2026-03-31,2026-03-31,2026-06-24,912.0,0.8,1.0,3.6,7.8,17.4,24.7,-6.1,10,1.2
4224,ロンシール工業株式会社,4224.T,2118.0,9759828720.0,11977000000,1.2271731752276078,74.49,8077000000.0,1325000000.0,0.13576057920819742,18729000000,6752000000,26472000000,J-GAAP,連結,2026-03-31,2026-03-31,2026-06-23,2118.0,-0.5,-1.0,0.7,5.7,9.1,23.9,-3.8,48,20.8
9972,アルテック株式会社,9972.T,285.0,3924270165.0,4810737000,1.2258934267335286,57.52,5130889000.0,-1640955000.0,-0.4181554610167876,11582581000,6771844000,15940991000,J-GAAP,連結,2026-11-30,2026-05-31,2026-07-14,285.0,-0.3,0.7,0.4,5.2,11.8,11.8,-3.1,8,2.5
1994,高橋カーテンウォール工業株式会社,1994.T,610.0,4833485670.0,5919413000,1.2246675389440018,86.85,1091137000.0,-596715000.0,-0.12345438483528182,7607265000,1687852000,12835826000,J-GAAP,連結,2026-12-31,2026-06-30,2026-08-13,610.0,-0.2,-1.3,-1.3,13.8,13.8,27.4,-6.4,16,5.7
1718,美樹工業株式会社,1718.T,2302.0,2473197438.0,3016847000,1.2198164827631526,57.11,3776714000.0,-11117116000.0,-4.495037811857866,17910677000,14893830000,34727910000,J-GAAP,連結,2026-12-31,2026-06-30,2026-08-07,2302.0,0.2,-0.0,-3.7,2.8,3.9,3.9,-28.7,7,7.4
2499,日本和装ホールディングス株式会社,2499.T,311.0,2812093100.0,3417336000,1.2152286138748394,41.93,2561192000.0,-2472935000.0,-0.8793930044492482,8451463000,5034127000,8669673000,J-GAAP,連結,2026-06-30,2026-06-30,2026-08-14,311.0,0.3,1.3,2.3,9.4,18.0,18.0,-13.6,6,3.0
8138,三京化成株式会社,8138.T,4145.0,3731005690.0,4533838000,1.2151785273744784,59.58,2500149000.0,-3737779000.0,-1.0018154113294853,10771766000,6237928000,15431842000,J-GAAP,連結,2026-03-31,2026-03-31,2026-06-23,4145.0,-0.1,0.5,-2.4,4.9,9.4,9.4,-13.8,7,0.9
6346,キクカワエンタープライズ株式会社,6346.T,5590.0,6769870120.0,8224991000,1.2149407380359019,87.16,8389401000.0,6488546000.0,0.9584446798810965,10125846000,1900855000,14801189000,J-GAAP,個別,2026-03-31,2026-03-31,2026-06-25,5590.0,0.0,1.5,-0.7,1.5,2.0,2.0,-14.6,25,1.5
4231,タイガースポリマー株式会社,4231.T,998.0,19248791268.0,23303599000,1.2106525898455185,80.03,17725149000.0,5275676000.0,0.2740783006344147,35753072000,12449473000,62330801000,J-GAAP,連結,2026-03-31,2026-03-31,2026-06-25,998.0,-0.2,-2.3,-3.7,3.2,8.6,20.2,-19.5,5,14.4
8617,光世証券株式会社,8617.T,604.0,5691825408.0,6836000000,1.2010206761422855,72.81,3965000000.0,-2107000000.0,-0.37018001238030945,12908000000,6072000000,22336000000,J-GAAP,個別,2026-03-31,2026-03-31,2026-06-22,604.0,-0.7,0.2,-3.2,10.4,16.8,40.3,-6.9,3,3.7
7442,中山福株式会社,7442.T,475.0,8986919725.0,10746768000,1.1958232997346596,71.65,5411508000.0,-3957507000.0,-0.44036300769338405,20115783000,9369015000,33050340000,J-GAAP,連結,2026-03-31,2026-03-31,2026-06-19,475.0,0.4,-0.8,-1.7,0.6,8.2,21.1,-4.6,28,5.2
1853,株式会社　森組,1853.T,322.0,10545402756.0,12592000000,1.19407482970108,61.49,6394000000.0,-3294000000.0,-0.31236360300471394,22280000000,9688000000,25158000000,J-GAAP,個別,2026-03-31,2026-03-31,2026-06-25,322.0,-0.3,-1.2,-1.2,0.6,4.2,7.3,-4.7,23,6.6
6899,ＡＳＴＩ株式会社,6899.T,2186.0,6832629366.0,8135107000,1.1906261212530111,55.61,4818717000.0,-15159585000.0,-2.2187044237224325,28113409000,19978302000,45010184000,J-GAAP,連結,2026-03-31,2026-03-31,2026-06-17,2186.0,-0.3,-0.7,-6.3,0.9,2.4,11.6,-19.1,7,13.1
4170,株式会社Ｋａｉｚｅｎ　Ｐｌａｔｆｏｒｍ,4170.T,109.0,1863552399.0,2207898000,1.1847791353679022,72.49,2758448000.0,1657197000.0,0.8892677237781281,3309149000,1101251000,4002669000,J-GAAP,連結,2026-12-31,2026-06-30,2026-08-14,109.0,-4.4,-3.5,-16.8,0.0,12.4,12.4,-52.8,1,37.9
3632,グリーホールディングス株式会社,3632.T,412.0,70782991736.0,83670000000,1.182063627828346,77.11,50421000000.0,21678000000.0,0.30626001343447934,112413000000,28743000000,125547000000,J-GAAP,連結,2026-06-30,2026-06-30,2026-09-25,412.0,0.0,-1.4,-1.4,6.5,21.7,21.7,-4.2,4,217.7
6249,株式会社ゲームカードホールディングス,6249.T,2689.0,37718003353.0,44551000000,1.1811600837682337,91.05,11327000000.0,5389000000.0,0.14287606768483338,50489000000,5938000000,66314000000,J-GAAP,連結,2026-03-31,2026-03-31,2026-06-19,2689.0,0.7,-3.3,-3.4,9.1,21.7,21.7,-11.3,4,20.6
9872,北恵株式会社,9872.T,961.0,8922806198.0,10512000000,1.1781047090719297,53.05,10968000000.0,-1513000000.0,-0.16956548942407054,22993000000,12481000000,26585000000,J-GAAP,個別,2026-11-20,2026-05-20,2026-07-03,961.0,-0.6,-0.4,-0.2,4.7,10.1,12.1,-0.6,32,6.2
7902,株式会社ソノコム,7902.T,1116.0,4060349496.0,4769904000,1.1747520760710397,92.11,3959129000.0,3158563000.0,0.777904218124971,5570470000,800566000,10144881000,J-GAAP,個別,2026-03-31,2026-03-31,2026-06-24,1116.0,0.5,0.8,-1.2,4.1,12.5,31.1,-19.3,12,1.5
3161,アゼアス株式会社,3161.T,700.0,3996897800.0,4687436000,1.1727685406416946,80.7,2632978000.0,1000297000.0,0.25026834561544203,6320117000,1632681000,8458770000,J-GAAP,連結,2026-04-30,2026-04-30,2026-07-29,700.0,2.3,4.2,5.1,7.5,11.3,13.7,0.0,1,7.9
6150,タケダ機械株式会社,6150.T,2781.0,2556553833.0,2992606000,1.1705624819518519,70.34,1491971000.0,-812024000.0,-0.3176244480043382,5296601000,2303995000,7767353000,J-GAAP,連結,2026-05-31,2026-05-31,2026-08-28,2781.0,0.5,-0.7,-0.6,0.6,4.2,4.2,-17.8,65,4.3
5079,株式会社ノバック,5079.T,2575.0,13272675275.0,15459428000,1.164755987748672,58.39,4632532000.0,-8740697000.0,-0.6585482443365209,28832657000,13373229000,32136095000,J-GAAP,連結,2026-04-30,2026-04-30,2026-07-29,2575.0,-0.1,-0.3,-1.1,2.7,7.7,7.7,-10.1,23,16.4
5078,株式会社セレコーポレーション,5078.T,4660.0,15793672000.0,18324594000,1.1602491174946523,85.91,16148109000.0,12685059000.0,0.8031735115177775,21787644000,3463050000,24579503000,J-GAAP,連結,2026-02-28,2026-02-28,2026-05-22,4660.0,0.0,-0.2,-2.5,0.0,0.0,4.7,-24.6,17,1.9
1926,ライト工業株式会社,1926.T,945.0,38794895055.0,44993000000,1.159765993340435,72.17,29975000000.0,-5069000000.0,-0.1306615211309018,80037000000,35044000000,125930000000,J-GAAP,連結,2026-03-31,2026-03-31,2026-06-24,945.0,-0.2,-4.3,3.6,6.8,6.8,29.2,-7.0,4,544.6
7521,株式会社ムサシ,7521.T,2660.0,18125918300.0,20954000000,1.1560241888544758,69.9,23567000000.0,7657000000.0,0.42243376987967557,36864000000,15910000000,52849000000,J-GAAP,連結,2026-03-31,2026-03-31,2026-06-24,2660.0,-2.1,0.5,-4.7,2.9,4.2,27.0,-10.7,1,3.5
9867,ソレキア株式会社,9867.T,10500.0,9070498500.0,10484139000,1.1558503647842508,53.07,12487624000.0,1151295000.0,0.12692742300767704,21820468000,11336329000,24156509000,J-GAAP,連結,2026-03-31,2026-03-31,2026-06-25,10500.0,0.0,-0.1,-0.9,5.1,12.3,38.8,-11.0,16,2.1
8046,丸藤シートパイル株式会社,8046.T,938.0,16173230500.0,18638000000,1.1523980938749374,71.23,4379000000.0,-8843000000.0,-0.5467676973997249,31860000000,13222000000,45955000000,J-GAAP,連結,2026-03-31,2026-03-31,2026-06-19,938.0,-1.2,-4.7,-6.9,7.6,14.8,35.6,-17.0,3,16.8
7885,タカノ株式会社,7885.T,1062.0,16165317960.0,18513643000,1.1452693380860663,85.7,8700463000.0,3277690000.0,0.20276062667684144,23936416000,5422773000,37934510000,J-GAAP,連結,2026-03-31,2026-03-31,2026-06-25,1062.0,0.2,-0.3,-5.3,0.7,6.7,45.8,-25.3,7,14.8
9625,株式会社セレスポ,9625.T,901.0,4939076572.0,5654993000,1.1449494490647472,77.42,6499508000.0,3647404000.0,0.7384789336284864,8507097000,2852104000,12629139000,J-GAAP,個別,2026-03-31,2026-03-31,2026-06-22,901.0,-0.4,-2.5,-5.5,6.6,6.6,6.6,-18.1,5,4.1
7264,株式会社ムロコーポレーション,7264.T,1320.0,7975434720.0,9118999000,1.143385824114676,75.07,8339686000.0,789102000.0,0.09894156590877344,16669583000,7550584000,30289461000,J-GAAP,連結,2026-03-31,2026-03-31,2026-06-23,1320.0,-0.8,-2.2,-0.6,2.4,8.0,10.6,-5.8,3,1.7
3321,ミタチ産業株式会社,3321.T,1745.0,13909628830.0,15835201000,1.1384344753935465,43.8,5213296000.0,-17798657000.0,-1.2795925195079414,38847154000,23011953000,40943099000,J-GAAP,連結,2026-05-31,2026-05-31,2026-08-27,1745.0,-1.1,-8.8,3.3,15.4,15.4,16.1,-27.0,2,112.3
3477,フォーライフ株式会社,3477.T,882.0,3527319096.0,4012318000,1.137497881762382,41.42,3345343000.0,-2817598000.0,-0.798793055948687,10175259000,6162941000,10521179000,J-GAAP,個別,2026-03-31,2026-03-31,2026-06-26,882.0,-0.5,-1.8,-0.4,5.2,17.2,17.2,-3.2,7,4.2
6379,レイズネクスト株式会社,6379.T,974.0,52556408848.0,59747000000,1.1368166377728761,76.44,5797000000.0,-22753000000.0,-0.4329253177439244,88297000000,28550000000,121180000000,J-GAAP,連結,2026-03-31,2026-03-31,2026-06-22,974.0,1.2,-1.4,5.1,29.7,45.6,71.8,-2.5,7,661.3
6467,株式会社ニチダイ,6467.T,346.0,3124869244.0,3543967000,1.134116893628334,76.94,2245815000.0,-979064000.0,-0.3133135896421527,6768846000,3224879000,13982503000,J-GAAP,連結,2026-03-31,2026-03-31,2026-06-24,346.0,0.0,-1.7,0.9,6.7,8.7,8.7,-5.4,4,1.6
7347,株式会社マーキュリアホールディングス,7347.T,806.0,15594587138.0,17667574000,1.1329298969992392,85.27,2746783000.0,-511701000.0,-0.03281273146072051,20926058000,3258484000,22122263000,J-GAAP,連結,2026-12-31,2026-06-30,2026-08-13,806.0,-0.5,-0.5,0.9,4.8,13.5,16.5,-6.7,29,5.6
2999,ホームポジション株式会社,2999.T,520.0,4885608000.0,5526659000,1.1312121234450248,38.48,3757109000.0,-5758687000.0,-1.1787042677185726,15042455000,9515796000,15467276000,J-GAAP,個別,2026-08-31,2026-02-28,2026-04-10,520.0,0.8,-0.6,1.6,4.4,5.7,29.9,-19.1,10,6.6
9980,ＭＲＫホールディングス株式会社,9980.T,90.0,8196252120.0,9240673000,1.127426641434256,77.71,2392524000.0,-1998194000.0,-0.24379362307854435,13631391000,4390718000,19696807000,J-GAAP,連結,2026-03-31,2026-03-31,2026-06-23,90.0,0.0,0.0,-6.2,1.1,1.1,5.6,-42.9,7,10.9
7531,清和中央ホールディングス株式会社,7531.T,1337.0,5258943767.0,5920925000,1.1258772221817521,50.23,2538888000.0,-13507524000.0,-2.5684861064231264,21967337000,16046412000,32239154000,J-GAAP,連結,2026-12-31,2026-06-30,2026-08-07,1337.0,2.0,1.3,2.8,4.3,5.7,5.7,-19.3,2,0.3
4243,株式会社ニックス,4243.T,1010.0,2345984570.0,2637547000,1.1242814781173092,77.23,2359307000.0,973023000.0,0.41476103996711283,4023831000,1386284000,6088239000,J-GAAP,連結,2026-09-30,2026-03-31,2026-05-14,1010.0,-1.9,-5.8,-2.5,13.7,23.5,31.7,-7.2,2,2.4
6292,株式会社カワタ,6292.T,816.0,5700277344.0,6403463000,1.123359902258117,55.86,7438399000.0,-3196154000.0,-0.5607014899659591,17038016000,10634553000,24092584000,J-GAAP,連結,2026-03-31,2026-03-31,2026-06-25,816.0,-2.4,-3.1,-1.1,3.6,7.2,14.7,-4.5,1,2.6
3246,株式会社コーセーアールイー,3246.T,692.0,7028445396.0,7888796000,1.1224098012470352,54.27,2263882000.0,-6492477000.0,-0.9237429665022328,16645155000,8756359000,19148643000,J-GAAP,連結,2027-01-31,2026-07-31,2026-09-11,692.0,-0.4,0.0,0.4,8.0,12.5,12.5,-6.1,28,4.1
7464,セフテック株式会社,7464.T,1500.0,2634198000.0,2954368000,1.1215436349127894,62.49,3936987000.0,-436727000.0,-0.16579125790847918,7328082000,4373714000,11659508000,J-GAAP,連結,2026-03-31,2026-03-31,2026-06-25,1500.0,-0.3,-1.6,-2.2,0.0,0.0,0.0,-10.9,6,1.7
9854,愛眼株式会社,9854.T,268.0,5200999620.0,5824000000,1.1197847386114594,85.93,4593000000.0,2584000000.0,0.4968275694663481,7833000000,2009000000,14286000000,J-GAAP,連結,2026-03-31,2026-03-31,2026-06-25,268.0,0.8,0.0,-6.6,5.1,22.9,59.5,-15.7,3,11.8
7865,ピープル株式会社,7865.T,332.0,1270281136.0,1415737000,1.1145068283529953,91.5,1038663000.0,896497000.0,0.7057469205777452,1557903000,142166000,1671563000,J-GAAP,個別,2027-01-20,2026-07-20,2026-09-02,332.0,-0.6,0.6,-1.8,0.6,0.6,0.6,-34.5,23,1.2
3668,株式会社コロプラ,3668.T,387.0,49755685581.0,55385000000,1.1131391187412287,92.48,46893000000.0,41482000000.0,0.8337137658864973,60796000000,5411000000,71954000000,J-GAAP,連結,2026-09-30,2026-03-31,2026-05-13,387.0,-2.5,-8.7,-9.6,2.4,10.6,10.6,-18.9,1,226.1
2654,株式会社アスモ,2654.T,392.0,5278076552.0,5867909000,1.1117514007591454,70.28,5174180000.0,2218801000.0,0.42038060231605373,8823288000,2955379000,9945503000,J-GAAP,連結,2026-03-31,2026-03-31,2026-06-25,392.0,0.8,-2.2,-10.7,0.8,1.0,11.7,-12.9,5,6.3
3261,株式会社グランディーズ,3261.T,453.0,1857316761.0,2062596000,1.1105246252607313,52.43,808794000.0,-1591833000.0,-0.8570605905386539,4463223000,2400627000,5046308000,J-GAAP,連結,2026-12-31,2026-06-30,2026-08-10,453.0,0.0,1.1,8.4,15.3,19.5,19.5,-61.9,7,2.1
7957,フジコピアン株式会社,7957.T,2061.0,3188235096.0,3535636000,1.1089633899444409,63.58,3928385000.0,-1002455000.0,-0.3144231745198755,8466476000,4930840000,13537960000,J-GAAP,連結,2026-12-31,2026-06-30,2026-08-10,2061.0,0.5,-13.4,-20.6,13.4,49.3,49.7,-22.2,3,216.6
5187,クリエートメディック株式会社,5187.T,1133.0,9018227933.0,9988822000,1.1076258078871957,81.87,5636978000.0,1985247000.0,0.22013715052992552,13640553000,3651731000,20140766000,J-GAAP,連結,2026-12-31,2026-06-30,2026-08-10,1133.0,-0.8,-1.6,-1.0,1.8,8.0,20.2,-6.6,6,4.5
4069,株式会社ＢｌｕｅＭｅｍｅ,4069.T,543.0,1813167681.0,2004310000,1.1054189973729187,57.93,1701655000.0,-125201000.0,-0.0690509770894157,3831166000,1826856000,4342749000,J-GAAP,連結,2026-03-31,2026-03-31,2026-09-30,543.0,-5.7,-14.8,-24.6,0.0,0.0,0.0,-74.6,1,5.0
6694,株式会社ズーム,6694.T,825.0,3566497275.0,3928858000,1.1016012903024017,41.25,3858862000.0,-7267312000.0,-2.037660886758984,15055032000,11126174000,18938766000,J-GAAP,連結,2026-12-31,2026-06-30,2026-08-13,825.0,0.4,-3.4,10.0,30.1,30.7,40.4,-5.7,4,8.8
6257,株式会社藤商事,6257.T,1003.0,20987326659.0,23058000000,1.098663034823067,90.03,15815000000.0,11059000000.0,0.5269370501391404,27814000000,4756000000,47692000000,J-GAAP,連結,2026-03-31,2026-03-31,2026-06-25,1003.0,0.7,-0.7,0.3,2.7,7.3,7.3,-4.2,15,32.3
7602,株式会社レダックス,7602.T,167.0,3461708932.0,3792436000,1.0955386702049854,69.64,2149258000.0,-25529000.0,-0.007374681263352386,5967223000,2174787000,7163862000,J-GAAP,連結,2026-03-31,2026-03-31,2026-06-25,167.0,-0.6,0.6,-0.6,6.4,19.3,32.1,-50.5,8,44.3
4625,アトミクス株式会社,4625.T,887.0,4723412485.0,5165974000,1.093695292631213,68.63,4236836000.0,-897911000.0,-0.19009794356336,10300721000,5134747000,16365875000,J-GAAP,連結,2026-03-31,2026-03-31,2026-06-24,887.0,-0.9,-2.5,4.4,21.3,28.0,35.5,-3.5,5,9.0
5697,株式会社サンユウ,5697.T,808.0,4883899440.0,5327004000,1.090727617438413,51.87,4700030000.0,-5581658000.0,-1.1428691496563657,15608692000,10281688000,21364152000,J-GAAP,連結,2026-03-31,2026-03-31,2026-06-23,808.0,0.0,-2.1,-2.2,14.3,24.3,41.3,-4.5,5,3.8
7859,株式会社アルメディオ,7859.T,255.0,5109072645.0,5531770000,1.0827346535018783,93.61,3765646000.0,3226011000.0,0.631427897811776,6071405000,539635000,8444192000,J-GAAP,連結,2026-03-31,2026-03-31,2026-06-23,255.0,-1.2,0.4,-1.5,29.4,29.4,70.9,-28.2,4,28.7
5962,浅香工業株式会社,5962.T,2175.0,2089274550.0,2233968000,1.0692553546875876,65.59,1247367000.0,-1165298000.0,-0.557752450485744,4646633000,2412665000,7011593000,J-GAAP,個別,2026-03-31,2026-03-31,2026-06-25,2175.0,-1.0,0.7,1.7,14.5,35.1,36.1,-3.1,2,1.2
4925,株式会社ハーバー研究所,4925.T,1690.0,6390701200.0,6796974000,1.0635724918573881,76.17,5784507000.0,2801388000.0,0.43835377563889233,9780093000,2983119000,12519336000,J-GAAP,連結,2026-03-31,2026-03-31,2026-06-19,1690.0,0.6,0.8,-2.8,0.8,0.8,4.2,-6.5,8,4.4
7624,株式会社ＮａＩＴＯ,7624.T,180.0,9857021400.0,10462000000,1.0613753968313389,73.03,590000000.0,-4399000000.0,-0.4462808612751921,15451000000,4989000000,18502000000,J-GAAP,連結,2027-02-28,2026-08-31,2026-10-08,180.0,1.1,-6.2,15.4,29.5,36.4,39.2,-7.2,5,65.6
2586,株式会社フルッタフルッタ,2586.T,58.0,6569344074.0,6954027000,1.0585572808589048,91.92,4716262000.0,4094412000.0,0.6232603976711725,7575877000,621850000,7699573000,J-GAAP,個別,2026-03-31,2026-03-31,2026-06-25,58.0,0.0,-4.9,-20.5,1.8,1.8,1.8,-78.8,4,56.6
1887,日本国土開発株式会社,1887.T,514.0,41015788556.0,43212000000,1.0535455131138451,45.19,19919000000.0,-66661000000.0,-1.6252521857280855,129792000000,86580000000,157975000000,J-GAAP,連結,2026-05-31,2026-05-31,2026-08-21,514.0,-0.4,-4.1,-6.7,1.0,1.0,8.3,-25.6,4,127.1
3641,株式会社パピレス,3641.T,1000.0,7750163000.0,8160000000,1.0528810813398377,67.31,10779000000.0,6420000000.0,0.8283696742894311,12519000000,4359000000,13333000000,J-GAAP,連結,2026-03-31,2026-03-31,2026-06-26,1000.0,-0.1,0.2,0.2,6.2,10.9,10.9,-9.1,26,3.9
1758,太洋基礎工業株式会社,1758.T,2350.0,4701708450.0,4946632000,1.0520924580085351,77.13,3547933000.0,630680000.0,0.1341384747069972,7863885000,2917253000,12754350000,J-GAAP,個別,2027-01-31,2026-07-31,2026-09-10,2350.0,1.3,-2.1,-7.8,1.3,1.3,10.8,-14.1,2,5.5
8135,ゼット株式会社,8135.T,424.0,8299692728.0,8730000000,1.0518461690212106,45.47,9099000000.0,-9290000000.0,-1.1193185464154691,27119000000,18389000000,33720000000,J-GAAP,連結,2026-03-31,2026-03-31,2026-06-26,424.0,-0.9,-3.0,-3.0,0.7,4.4,4.4,-28.2,2,7.2
3710,ジョルダン株式会社,3710.T,640.0,3264458240.0,3433372000,1.0517432748657247,79.99,3670971000.0,2460497000.0,0.7537229209585478,4643846000,1210474000,6049252000,J-GAAP,連結,2026-09-30,2026-03-31,2026-05-15,640.0,-0.3,-0.2,1.9,6.0,12.5,15.3,-12.7,16,2.0
6718,アイホン株式会社,6718.T,2695.0,44108614935.0,46366000000,1.0511778723572835,87.59,23598000000.0,13675000000.0,0.31003013856027806,56289000000,9923000000,79957000000,J-GAAP,連結,2026-03-31,2026-03-31,2026-06-25,2695.0,-0.3,-2.5,-3.8,0.2,4.0,4.0,-9.4,4,74.8
7908,株式会社きもと,7908.T,241.0,10523483346.0,11060000000,1.0509828006906032,81.66,11140000000.0,6877000000.0,0.6534908427078914,15323000000,4263000000,23245000000,J-GAAP,連結,2026-03-31,2026-03-31,2026-05-22,241.0,0.4,-0.8,2.1,7.5,9.9,9.9,-17.4,12,19.3
5909,株式会社　コロナ,5909.T,928.0,27139202240.0,28500000000,1.050141406072517,77.64,2830000000.0,-19589000000.0,-0.7217971931071766,50919000000,22419000000,100264000000,J-GAAP,連結,2026-03-31,2026-03-31,2026-06-23,928.0,-0.5,-1.6,-2.6,0.2,4.4,6.3,-13.9,7,13.6
4629,大伸化学株式会社,4629.T,2345.0,10728790065.0,11238292000,1.0474892258971609,66.69,9341594000.0,649864000.0,0.06057197466469393,19930022000,8691730000,26091863000,J-GAAP,連結,2026-03-31,2026-03-31,2026-06-25,2345.0,-0.6,-5.4,1.9,31.6,31.6,57.4,-10.0,3,17.4
7628,株式会社オーハシテクニカ,7628.T,1127.0,28825176443.0,30165794000,1.0465085637776057,85.3,22603504000.0,15528464000.0,0.5387118455530212,37240834000,7075040000,48134358000,J-GAAP,連結,2026-03-31,2026-03-31,2026-06-23,1127.0,-1.2,-1.5,-2.8,2.2,11.9,14.7,-9.0,4,71.0
8935,株式会社ＦＪネクストホールディングス,8935.T,1924.0,63015203940.0,65756000000,1.0434942028055587,71.25,25740000000.0,-7002000000.0,-0.11111604124406171,98498000000,32742000000,113869000000,J-GAAP,連結,2026-03-31,2026-03-31,2026-06-25,1924.0,-0.6,-2.3,-2.4,10.2,32.3,44.9,-5.3,5,102.6
3758,株式会社アエリア,3758.T,244.0,4921785976.0,5133000000,1.0429141017163157,45.03,7400000000.0,-3885000000.0,-0.7893476105918344,16418000000,11285000000,20532000000,J-GAAP,連結,2026-12-31,2026-06-30,2026-08-14,244.0,-1.6,-1.6,-1.6,4.7,8.4,8.4,-18.8,2,3.2
8281,ゼビオホールディングス株式会社,8281.T,1066.0,44113129918.0,45818000000,1.0386476789375207,57.43,15808000000.0,-71874000000.0,-1.6293108227324493,133500000000,87682000000,205996000000,J-GAAP,連結,2026-03-31,2026-03-31,2026-06-25,1066.0,-0.3,-3.7,-4.4,1.5,12.9,12.9,-11.1,4,196.2
3765,ガンホー・オンライン・エンターテイメント株式会社,3765.T,2351.0,123114544284.0,127710000000,1.0373266679637723,88.22,124705000000.0,105253000000.0,0.8549192998448901,147162000000,19452000000,165141000000,J-GAAP,連結,2026-12-31,2026-06-30,2026-08-14,2351.0,-0.4,-3.3,-7.0,1.9,9.2,9.2,-11.9,4,516.2
3597,株式会社自重堂,3597.T,8800.0,25360517600.0,26303475000,1.037182103885766,89.93,10083349000.0,5753649000.0,0.22687427326010096,30633175000,4329700000,43002375000,J-GAAP,連結,2026-06-30,2026-06-30,2026-09-25,8800.0,-0.1,-1.8,-3.3,0.1,0.6,0.6,-10.7,8,18.6
7551,株式会社ウェッズ,7551.T,650.0,10424756550.0,10715900000,1.027928081447619,73.74,9216100000.0,2252258000.0,0.21604897814136484,17679742000,6963842000,26514301000,J-GAAP,連結,2026-03-31,2026-03-31,2026-06-23,650.0,-2.8,-2.7,-9.2,0.0,6.0,9.6,-14.1,1,26.5
8147,株式会社トミタ,8147.T,1424.0,7386456032.0,7589110000,1.0274358863197792,61.81,7669558000.0,-505652000.0,-0.06845664521786732,15764320000,8175210000,21404992000,J-GAAP,連結,2026-03-31,2026-03-31,2026-06-25,1424.0,0.1,-3.5,0.6,5.4,22.7,24.0,-4.4,3,2.4
5819,カナレ電気株式会社,5819.T,1727.0,11848147399.0,12154933000,1.0258931283236645,92.16,8745136000.0,7077584000.0,0.5973578620905204,13822485000,1667552000,21279023000,J-GAAP,連結,2026-12-31,2026-06-30,2026-08-12,1727.0,-0.3,-0.1,-2.5,0.3,3.1,3.1,-17.7,20,9.4
5928,アルメタックス株式会社,5928.T,283.0,2965429650.0,3041687000,1.0257154473382972,82.38,1733984000.0,-274297000.0,-0.09249823208586318,5049968000,2008281000,11395938000,J-GAAP,個別,2026-03-31,2026-03-31,2026-06-22,283.0,-0.4,-1.4,-2.1,2.8,7.5,14.1,-11.0,4,1.1
2795,日本プリメックス株式会社,2795.T,995.0,5146926050.0,5253474000,1.020701278581611,77.15,5348887000.0,2872424000.0,0.5580853449409867,7729937000,2476463000,10835762000,J-GAAP,連結,2026-03-31,2026-03-31,2026-06-19,995.0,0.0,3.1,2.8,5.0,12.2,18.3,-2.1,2,0.8
2385,株式会社総医研ホールディングス,2385.T,222.0,5807119956.0,5921295000,1.0196612167244854,89.16,5352796000.0,4610320000.0,0.7939081739195952,6663771000,742476000,6851930000,J-GAAP,連結,2026-06-30,2026-06-30,2026-09-24,222.0,1.4,1.4,0.9,6.7,7.8,26.5,-25.8,3,173.9
548A,株式会社システムエグゼ,548A.T,942.0,4930428000.0,5022310000,1.0186357046487649,70.8,4237369000.0,1835826000.0,0.3723461735979108,7423853000,2401543000,8223521000,J-GAAP,連結,2026-03-31,2026-03-31,2026-06-26,942.0,0.1,-0.2,-1.5,3.9,6.4,6.4,-11.1,15,15.6
3426,アトムリビンテック株式会社,3426.T,1311.0,5230571427.0,5311513000,1.0154747094327368,90.02,3769157000.0,2581291000.0,0.4935007648830641,6499379000,1187866000,11897939000,J-GAAP,個別,2026-06-30,2026-06-30,2026-09-25,1311.0,0.1,0.5,0.8,2.4,2.7,2.7,-6.9,14,1.3
6797,名古屋電機工業株式会社,6797.T,1220.0,14340799880.0,14554599000,1.0149084515361078,82.06,7539499000.0,2293249000.0,0.15991081523968662,19800849000,5246250000,29237215000,J-GAAP,連結,2026-03-31,2026-03-31,2026-06-19,1220.0,-1.2,2.1,-0.8,8.3,8.3,9.2,-3.1,2,6.0
7871,フクビ化学工業株式会社,7871.T,1007.0,19345267544.0,19625000000,1.014459994174997,73.86,13499000000.0,-865000000.0,-0.04471377808720369,33989000000,14364000000,54954000000,J-GAAP,連結,2026-03-31,2026-03-31,2026-06-17,1007.0,0.1,0.2,1.1,12.6,18.9,20.7,-15.6,12,4.2
6882,株式会社三社電機製作所,6882.T,1198.0,15945952644.0,16176000000,1.0144266925367147,76.17,6768000000.0,-1030000000.0,-0.06459319320677646,23974000000,7798000000,32724000000,J-GAAP,連結,2026-03-31,2026-03-31,2026-06-22,1198.0,-1.6,-0.6,8.1,14.3,18.3,45.7,-19.9,8,36.0
6276,シリウスビジョン株式会社,6276.T,343.0,1599679284.0,1613116000,1.008399631185072,74.65,1432736000.0,714291000.0,0.446521379094136,2331561000,718445000,2833897000,J-GAAP,連結,2026-12-31,2026-06-30,2026-08-14,343.0,-1.4,-2.6,-10.9,15.5,41.7,47.8,-44.3,5,12.1
5658,日亜鋼業株式会社,5658.T,403.0,18064982377.0,18172361000,1.0059440203571255,78.26,9156974000.0,-6733528000.0,-0.3727392509705962,34062863000,15890502000,73097290000,J-GAAP,連結,2026-03-31,2026-03-31,2026-06-25,403.0,0.2,-0.5,-0.7,15.6,18.7,22.4,-1.2,15,7.6
3930,株式会社はてな,3930.T,766.0,2294488656.0,2304870000,1.0045244695252047,81.8,1779274000.0,1134385000.0,0.49439555825810105,2949759000,644889000,3544092000,J-GAAP,個別,2026-07-31,2026-01-31,2026-03-13,766.0,1.5,2.8,-1.4,5.9,5.9,5.9,-39.1,2,8.3
7928,旭化学工業株式会社,7928.T,611.0,1856994581.0,1863456000,1.0034795034224173,77.82,1870387000.0,278671000.0,0.15006559677192724,3455172000,1591716000,7175236000,J-GAAP,連結,2026-08-31,2026-02-28,2026-04-15,611.0,-0.3,-0.8,-1.0,0.0,3.3,8.1,-7.0,24,1.2
8844,株式会社コスモスイニシア,8844.T,1162.0,39153560950.0,39275000000,1.0031016093313985,31.37,25148000000.0,-102198000000.0,-2.610184042532152,166621000000,127346000000,185567000000,J-GAAP,連結,2026-03-31,2026-03-31,2026-06-17,1162.0,-0.5,-3.7,-5.9,0.6,5.2,14.6,-20.0,4,63.2
