date,sec_code,company_name,price,market_cap,ncav,ncav_ratio,cash_and_equivalents,net_cash,net_cash_ratio,operating_income,operating_cf,equity_ratio,rank
2026-08-17,3856,Ａｂａｌａｎｃｅ株式会社,371.0,7030691521.0,80406000000,11.436428374056094,,,,,,48.67,1
2026-08-17,8944,株式会社ランドビジネス,246.0,4882144290.0,31678417000,6.488627766468573,,,,,,41.2,2
2026-08-17,8904,株式会社ＡＶＡＮＴＩＡ,870.0,12617996280.0,60114526000,4.76418954848511,,,,,,45.83,3
2026-08-17,6771,池上通信機株式会社,680.0,4362072840.0,20186000000,4.627616443011988,,,,,,1160.2727,4
2026-08-17,3238,セントラル総合開発株式会社,389.0,3739697402.0,16636760000,4.4486914880071895,,,,,,30.14,5
2026-08-17,8860,フジ住宅株式会社,766.0,27472170998.0,106903351000,3.8913324690568745,,,,,,169.5357,6
2026-08-17,9835,株式会社ジュンテンドー,513.0,4160299698.0,15546447000,3.7368574690601535,,,,,,81.08999999999999,7
2026-08-17,2788,アップルインターナショナル株式会社,403.0,5208018972.0,17718139000,3.4020880291063578,,,,,,60.89,8
2026-08-17,8844,株式会社コスモスイニシア,1260.0,42633120600.0,142334000000,3.33857803503129,,,,,,30.54,9
2026-08-17,1850,南海辰村建設株式会社,416.0,11659457472.0,37671000000,3.2309393546368947,,,,,,88.52,10
2026-08-17,5590,株式会社ネットスターズ,683.0,11536377469.0,37242277000,3.228247090568565,,,,,,1133.8488,11
2026-08-17,7426,株式会社　山大,670.0,744262130.0,2364333000,3.176747687001084,,,,,,92.01,12
2026-08-17,2499,日本和装ホールディングス株式会社,293.0,2656220800.0,8182201000,3.080391886096216,,,,,,43.71,13
2026-08-17,7837,株式会社アールシーコア,331.0,1370052692.0,4216153000,3.0773655820822983,,,,,,58.940000000000005,14
2026-08-17,8772,株式会社アサックス,868.0,28623168000.0,86816247000,3.0330761081372963,,,,,,45.21,15
2026-08-17,3598,山喜株式会社,161.0,2282478807.0,6913640000,3.0290051232006903,,,,,,55.5629,16
2026-08-17,3454,ファーストブラザーズ株式会社,1261.0,17684629690.0,53140387000,3.004891136060876,,,,,,44.25,17
2026-08-17,3059,ヒラキ株式会社,707.0,3441256749.0,10335310000,3.003353354266099,,,,,,62.88,18
2026-08-17,3945,スーパーバッグ株式会社,2182.0,3240595118.0,9671000000,2.984328386561496,,,,,,46.12,19
2026-08-17,6218,エンシュウ株式会社,649.0,4091378423.0,12148000000,2.969170471181321,,,,,,69.15,20
2026-08-17,3457,株式会社Ａｎｄ　Ｄｏホールディングス,922.0,18411054732.0,53592000000,2.910859849156414,,,,,,233.5823,21
2026-08-17,6094,株式会社フリークアウト・ホールディングス,579.0,10061000448.0,29209882000,2.903278073683672,,,,,,41.31,22
2026-08-17,7041,ＣＲＧホールディングス株式会社,349.0,1946416276.0,5503948000,2.827734266233602,,,,,,52.92,23
2026-08-17,7414,小野建株式会社,1454.0,35524859362.0,97922000000,2.756435965084905,,,,,,39.1161,24
2026-08-17,5603,虹技株式会社,1324.0,4345759904.0,11927000000,2.7445142537722678,,,,,,60.9594,25
2026-08-17,3277,株式会社サンセイランディック,852.0,13826976792.0,37432992000,2.7072434244380843,,,,,,35.82,26
2026-08-17,8931,和田興産株式会社,1410.0,15450103200.0,41100268000,2.6601937519744205,,,,,,41.28,27
2026-08-17,1420,サンヨーホームズ株式会社,631.0,7825465759.0,20696523000,2.644765645571589,,,,,,31.96,28
2026-08-17,8928,穴吹興産株式会社,2323.0,24778978723.0,64504235000,2.6031837599556424,,,,,,37.62,29
2026-08-17,2984,ヤマイチエステート株式会社,766.0,6642761192.0,17260936000,2.5984580058045235,,,,,,55.1,30
2026-08-17,7702,株式会社ジェイ・エム・エス（称号　株式会社　ＪＭＳ）,458.0,11234969000.0,28415000000,2.5291569562853264,,,,,,93.1,31
2026-08-17,8518,日本アジア投資株式会社,142.0,3903066386.0,9818000000,2.5154581114009265,,,,,,65.74,32
2026-08-17,7946,株式会社光陽社,321.0,806360025.0,2012513000,2.49579956546085,,,,,,88.17,33
2026-08-17,3189,株式会社ＡＮＡＰホールディングス,111.0,4998733596.0,12446675000,2.4899656604944624,,,,,,70.44,34
2026-08-17,6513,株式会社オリジン,1332.0,6883995780.0,17034514000,2.474509651718584,,,,,,267.9726,35
2026-08-17,8247,株式会社大和,300.0,1682612400.0,4147500000,2.4649170539810594,,,,,,81.92,36
2026-08-17,3261,株式会社グランディーズ,408.0,1672815096.0,4112572000,2.4584737487328368,,,,,,50.93,37
2026-08-17,7985,ネポン株式会社,799.0,765039304.0,1875849000,2.451964219605637,,,,,,51.45,38
2026-08-17,3139,株式会社ラクト・ジャパン,3380.0,33835855040.0,81151000000,2.3983729657212765,,,,,,39.02,39
2026-08-17,5280,ヨシコン株式会社,2188.0,15030916728.0,35918310000,2.389628699964148,,,,,,70.30999999999999,40
2026-08-17,3079,ディーブイエックス株式会社,946.0,9933904376.0,23415946000,2.357174491891848,,,,,,38.95,41
2026-08-17,8783,ａｂｃ株式会社,64.0,2658849792.0,6171899000,2.3212665185412624,,,,,,70.86,42
2026-08-17,7872,エステールホールディングス株式会社,612.0,6412272840.0,14790000000,2.306514455800979,,,,,,42.55,43
2026-08-17,6390,株式会社加藤製作所,1369.0,15313364307.0,35171000000,2.296751993546104,,,,,,58.940000000000005,44
2026-08-17,8835,太平洋興発株式会社,788.0,6130068700.0,13881000000,2.264411816461372,,,,,,81.25,45
2026-08-17,7494,株式会社コナカ,237.0,8007357366.0,17872000000,2.231947343312815,,,,,,89.57000000000001,46
2026-08-17,5660,神鋼鋼線工業株式会社,1861.0,10997894009.0,24342000000,2.213332841731336,,,,,,91.99,47
2026-08-17,2982,株式会社ＡＤワークスグループ,428.0,21130353152.0,46091617000,2.1812989432047143,,,,,,34.910000000000004,48
2026-08-17,5609,日本鋳造株式会社,920.0,4435447880.0,9461000000,2.133042762752518,,,,,,3883.3333,49
2026-08-17,2778,パレモ・ホールディングス株式会社,111.0,1315581435.0,2790223000,2.120904814987755,,,,,,47.19,50
2026-08-17,8999,グランディハウス株式会社,570.0,16527643050.0,34678101000,2.098187920388322,,,,,,65.3,51
2026-08-17,7938,株式会社リーガルコーポレーション,2194.0,6537966420.0,13685000000,2.093158502334431,,,,,,86.26,52
2026-08-17,7514,株式会社　ヒマラヤ,883.0,10809014037.0,22621000000,2.092790325053401,,,,,,71.14,53
2026-08-17,2750,石光商事株式会社,1344.0,10447346112.0,21636109000,2.070966996599107,,,,,,35.370000000000005,54
2026-08-17,3880,大王製紙株式会社,953.0,146974922119.0,303787000000,2.0669308452093293,,,,,,56.44,55
2026-08-17,8917,ファースト住建株式会社,1148.0,15972793284.0,32999908000,2.0660073296670105,,,,,,61.4424,56
2026-08-17,6694,株式会社ズーム,738.0,3190393926.0,6541554000,2.0503906889647205,,,,,,50.63,57
2026-08-17,5915,株式会社駒井ハルテック,2443.0,11193972580.0,22881000000,2.044046457723233,,,,,,77.66999999999999,58
2026-08-17,2286,林兼産業株式会社,887.0,7243455767.0,14802000000,2.043499743235196,,,,,,70.55,59
2026-08-17,3242,株式会社アーバネットコーポレーション,522.0,19306405422.0,39077284000,2.024057982097005,,,,,,32.28,60
2026-08-17,4316,株式会社ビーマップ,82.0,291990930.0,587360000,2.011569331965209,,,,,,164.8106,61
2026-08-17,7670,オーウエル株式会社,1237.0,12444618314.0,24952000000,2.00504341478512,,,,,,72.05,62
2026-08-17,5852,株式会社アーレスティ,678.0,16909528146.0,33863000000,2.0025987542420216,,,,,,950.8889,63
2026-08-17,6400,不二精機株式会社,292.0,2363640720.0,4654461000,1.9691914090902956,,,,,,71.6,64
2026-08-17,4234,株式会社サンエー化研,980.0,9439268860.0,18575140000,1.9678579215721164,,,,,,99.15,65
2026-08-17,1911,住友林業株式会社,1329.0,814918638780.0,1594777000000,1.9569769595496207,,,,,,67.12,66
2026-08-17,6317,株式会社北川鉄工所,1884.0,17429865564.0,34029000000,1.952338638244244,,,,,,97.0805,67
2026-08-17,2055,日和産業株式会社,354.0,6411574722.0,12312000000,1.9202770822827508,,,,,,77.9,68
2026-08-17,8892,株式会社エスコン,1108.0,106245159364.0,202476000000,1.905743294207969,,,,,,82.6626,69
2026-08-17,4242,株式会社タカギセイコー,1797.0,5029790421.0,9520000000,1.8927229970164996,,,,,,71.91,70
2026-08-17,4409,東邦化学工業株式会社,775.0,16296688375.0,30668000000,1.8818547237515055,,,,,,53.86,71
2026-08-17,3760,株式会社ケイブ,745.0,4489297735.0,8404842000,1.8721952733215188,,,,,,73.91,72
2026-08-17,8877,エスリード株式会社,5340.0,82392600840.0,154124928000,1.87061612849555,,,,,,31.04,73
2026-08-17,3678,株式会社メディアドゥ,1295.0,19656838670.0,36496000000,1.856656638063561,,,,,,50.54,74
2026-08-17,3236,株式会社プロパスト,290.0,9597612350.0,17653000000,1.8393116283759887,,,,,,41.38,75
2026-08-17,7297,株式会社カーメイト,862.0,6080546276.0,11090406000,1.823916058952464,,,,,,82.96,76
2026-08-17,3190,株式会社ホットマン,584.0,4120412000.0,7490744000,1.8179599515776577,,,,,,94.91,77
2026-08-17,1301,株式会社　極洋,4715.0,56001389345.0,101555000000,1.8134371519671448,,,,,,44.25,78
2026-08-17,3246,株式会社コーセーアールイー,684.0,6947191692.0,12578787000,1.810629036547967,,,,,,65.52,79
2026-08-17,4539,日本ケミファ株式会社,1575.0,5708990700.0,10184000000,1.7838529672153784,,,,,,47.98,80
2026-08-17,8091,ニチモウ株式会社,2411.0,20256134639.0,36118000000,1.783064767473478,,,,,,46.44,81
2026-08-17,5753,日本伸銅株式会社,2445.0,5224969890.0,9266000000,1.7734073487646451,,,,,,89.13,82
2026-08-17,7822,永大産業株式会社,259.0,11446603938.0,20284000000,1.7720539742501222,,,,,,97.16,83
2026-08-17,7427,エコートレーディング株式会社,835.0,5070972535.0,8912307000,1.757514350252737,,,,,,36.35,84
2026-08-17,3439,株式会社三ツ知,674.0,3151888208.0,5513486000,1.7492644523387233,,,,,,93.18,85
2026-08-17,8046,丸藤シートパイル株式会社,1006.0,17345703500.0,30130000000,1.7370295762290644,,,,,,32.221,86
2026-08-17,3758,株式会社アエリア,239.0,4842798206.0,8359000000,1.726068203635574,,,,,,53.83,87
2026-08-17,2484,株式会社出前館,148.0,16483205184.0,28404000000,1.723208543661844,,,,,,74.47,88
2026-08-17,3071,株式会社ストリーム,104.0,2874196000.0,4911543000,1.7088406636151463,,,,,,58.4,89
2026-08-17,6907,ジオマテック株式会社,795.0,6288669420.0,10732203000,1.706593602434901,,,,,,84.74000000000001,90
2026-08-17,241A,株式会社ＲＯＸＸ,424.0,3088064080.0,5267919000,1.7058969190820676,,,,,,37.04,91
2026-08-17,2917,株式会社大森屋,936.0,4647269952.0,7898097000,1.6995132801788226,,,,,,65.03,92
2026-08-17,7980,株式会社　重松製作所,868.0,6172663952.0,10413766000,1.6870780721224656,,,,,,82.09,93
2026-08-17,3674,株式会社オークファン,332.0,3493199088.0,5838824000,1.67148331741463,,,,,,69.11,94
2026-08-17,3299,株式会社ムゲンエステート,1742.0,40927852758.0,68398000000,1.671184667429945,,,,,,36.4,95
2026-08-17,3375,株式会社ＺＯＡ,1715.0,2158212595.0,3597064000,1.6666865944223628,,,,,,75.46000000000001,96
2026-08-17,9162,株式会社ブリーチ,231.0,5944045800.0,9902997000,1.666036456179392,,,,,,76.18,97
2026-08-17,5136,ｔｒｉｐｌａ株式会社,1896.0,11257482936.0,18729170000,1.6637084956270725,,,,,,332.8245,98
2026-08-17,7896,セブン工業株式会社,510.0,2276351850.0,3766000000,1.6544015372667455,,,,,,789.125,99
2026-08-17,331A,株式会社メディックス,494.0,3617463200.0,5966011000,1.649225070209422,,,,,,53.56,100
2026-08-17,3252,地主株式会社,2969.0,61397560198.0,100510000000,1.6370357336002754,,,,,,47.57,101
2026-08-17,9908,日本電計株式会社,2721.0,30891779658.0,49922638000,1.6160492711228958,,,,,,47.52,102
2026-08-17,8158,ソーダニッカ株式会社,1331.0,30378291460.0,48871000000,1.608747485497988,,,,,,70.1,103
2026-08-17,2927,株式会社ＡＦＣ－ＨＤアムスライフサイエンス,891.0,12972608055.0,20812766000,1.6043625084300752,,,,,,1162.3765,104
2026-08-17,8887,株式会社シーラホールディングス,388.0,14591226552.0,23294000000,1.596438785799479,,,,,,75.0565,105
2026-08-17,8085,ナラサキ産業株式会社,4260.0,21317478780.0,33599000000,1.576124472633344,,,,,,297.1364,106
2026-08-17,4569,杏林製薬株式会社,1117.0,64167511515.0,100994000000,1.5739117446745825,,,,,,93.54,107
2026-08-17,9647,株式会社協和コンサルタンツ,6280.0,3672192320.0,5735809000,1.5619576809092612,,,,,,67.43,108
2026-08-17,7464,セフテック株式会社,1549.0,2720248468.0,4237972000,1.557935626048113,,,,,,93.39,109
2026-08-17,5956,トーソー株式会社,575.0,5081404950.0,7794870000,1.5339989779795054,,,,,,93.26,110
2026-08-17,3904,株式会社カヤック,423.0,6517809882.0,9872294000,1.5146643088292522,,,,,,63.01,111
2026-08-17,7538,株式会社大水,395.0,4813962565.0,7284000000,1.5130985963535426,,,,,,64.14,112
2026-08-17,7048,ベルトラ株式会社,148.0,5417285884.0,8189738000,1.5117788086813844,,,,,,35.620000000000005,113
2026-08-17,7122,近畿車輛株式会社,2362.0,16250751322.0,24174000000,1.4875619915045797,,,,,,89.25,114
2026-08-17,7531,清和中央ホールディングス株式会社,1296.0,5098193136.0,7540809000,1.4791140309596933,,,,,,62.970000000000006,115
2026-08-17,2498,株式会社オリエンタルコンサルタンツホールディングス,3190.0,37958894600.0,55924104000,1.4732806260380409,,,,,,68.38,116
2026-08-17,4069,株式会社ＢｌｕｅＭｅｍｅ,694.0,2317381898.0,3411665000,1.4722066323830412,,,,,,73.21,117
2026-08-17,8119,株式会社三栄コーポレーション,778.0,7395170080.0,10845279000,1.4665354390334726,,,,,,89.13,118
2026-08-17,7955,クリナップ株式会社,971.0,34242056714.0,50099000000,1.4630838450634545,,,,,,135.1439,119
2026-08-17,4772,株式会社ＳＭ　ＥＮＴＥＲＴＡＩＮＭＥＮＴ　ＪＡＰＡＮ,73.0,8460327773.0,12327385000,1.4570812539132578,,,,,,62.52,120
2026-08-17,6664,株式会社オプトエレクトロニクス,244.0,3660000000.0,5313530000,1.4517841530054645,,,,,,59.24,121
2026-08-17,2138,クルーズ株式会社,459.0,4391583480.0,6352439000,1.446503073192178,,,,,,94.7,122
2026-08-17,8572,アコム株式会社,479.7999877929688,751661333934.6951,1081118000000,1.438304660877938,,,,,,46.74,123
2026-08-17,6150,タケダ機械株式会社,2809.0,2582294037.0,3708609000,1.4361683630375823,,,,,,99.02,124
2026-08-17,7689,株式会社コパ・コーポレーション,303.0,897751428.0,1262950000,1.4067925269844297,,,,,,82.14,125
2026-08-17,9972,アルテック株式会社,276.0,3800351364.0,5243348000,1.3797008481029494,,,,,,79.52,126
2026-08-17,6635,株式会社大日光・エンジニアリング,668.0,4429920156.0,6065534000,1.3692197119590703,,,,,,35.510000000000005,127
2026-08-17,8995,株式会社誠建設工業,1980.0,3983217480.0,5444105000,1.3667606720785932,,,,,,64.97,128
2026-08-17,7991,マミヤ・オーピー株式会社,1080.0,11154018600.0,15217682000,1.3643228100767195,,,,,,95.52,129
2026-08-17,3054,株式会社ハイパー,241.0,2327286872.0,3119862000,1.3405575554675324,,,,,,48.46,130
2026-08-17,3297,株式会社東武住販,1184.0,3209215424.0,4290372000,1.3368912438581124,,,,,,84.7,131
2026-08-17,3192,株式会社白鳩,299.0,1990132638.0,2645040000,1.329077243142022,,,,,,94.6,132
2026-08-17,3315,日本コークス工業株式会社,102.0,29684329578.0,39304000000,1.324065611679822,,,,,,34.4539,133
2026-08-17,7607,株式会社進和,3115.0,41786351285.0,55083958000,1.3182284718831967,,,,,,70.00999999999999,134
2026-08-17,5962,浅香工業株式会社,2000.0,1921172000.0,2530391000,1.317107994495027,,,,,,93.04,135
2026-08-17,6558,クックビズ株式会社,678.0,1890255186.0,2483948000,1.3140807751234491,,,,,,42.24,136
2026-08-17,3266,株式会社ファンドクリエーショングループ,80.0,3010581600.0,3951000000,1.312371004991195,,,,,,55.46,137
2026-08-17,1887,日本国土開発株式会社,549.0,43780693446.0,56982000000,1.3015326052403158,,,,,,58.99,138
2026-08-17,8023,ＤＡＩＫＯ　ＸＴＥＣＨ株式会社,1013.0,12834753559.0,16681362000,1.299702555512075,,,,,,30.012,139
2026-08-17,8013,株式会社ナイガイ,352.0,2750519552.0,3540000000,1.2870295713498714,,,,,,73.83,140
2026-08-17,2193,クックパッド株式会社,133.0,9560651401.0,12294358000,1.2859330901568138,6245262000.0,5135737000.0,0.5371743811789671,,,92.29,141
2026-08-17,7347,株式会社マーキュリアホールディングス,791.0,15304365293.0,19580233000,1.279388764260333,,,,,,85.5,142
2026-08-17,6054,株式会社リブセンス,117.0,3224868660.0,4125723000,1.2793460556002922,,,,,,90.76,143
2026-08-17,1972,三晃金属工業株式会社,1312.0,25292125920.0,32297000000,1.2769586907070087,,,,,,83.43,144
2026-08-17,7827,株式会社オービス,1730.0,3082287370.0,3918771000,1.271384050086154,,,,,,82.6,145
2026-08-17,7565,萬世電機株式会社,8000.0,12989552000.0,16454803000,1.2667721719732905,,,,,,101.5004,146
2026-08-17,8595,ジャフコ　グループ株式会社,2297.0,120959050666.0,152637000000,1.2618898640455705,,,,,,87.36,147
2026-08-17,2993,株式会社長栄,2254.0,9780259272.0,12335642000,1.261279650869362,,,,,,96.43,148
2026-08-17,8065,佐藤商事株式会社,4000.0,82836164000.0,104470000000,1.261164145650202,,,,,,53.64,149
2026-08-17,9903,株式会社カンセキ,909.0,6777574902.0,8535464000,1.2593684501341715,,,,,,68.78999999999999,150
2026-08-17,9625,株式会社セレスポ,939.0,5147383908.0,6474002000,1.2577266657608706,,,,,,801.3522,151
2026-08-17,9425,ＲｅＹｕｕ　Ｊａｐａｎ株式会社,204.0,1390215120.0,1739712000,1.2513976973578018,,,,,,62.06,152
2026-08-17,7874,レック株式会社,957.0,32021361636.0,39918000000,1.246605327211389,,,,,,66.63,153
2026-08-17,3495,香陵住販株式会社,2345.0,6477394175.0,7991896000,1.233813441653024,,,,,,48.03,154
2026-08-17,1491,中外鉱業株式会社,715.0,10274318340.0,12653431000,1.231559173199611,,,,,,64.64999999999999,155
2026-08-17,2429,株式会社ワールドホールディングス,2766.0,49511209146.0,60937000000,1.2307717999838643,,,,,,37.17,156
2026-08-17,6069,トレンダーズ株式会社,683.0,5299763088.0,6507801000,1.2279418705970655,,,,,,69.27,157
2026-08-17,4073,株式会社ジィ・シィ企画,507.0,1286686401.0,1577388000,1.2259304200107108,,,,,,72.22,158
2026-08-17,5632,三菱製鋼株式会社,2458.0,37167796532.0,45544000000,1.2253618521826664,,,,,,58.98,159
2026-08-17,7624,株式会社ＮａＩＴＯ,149.0,8159423270.0,9996000000,1.225086586297416,,,,,,90.5,160
2026-08-17,3131,シンデン・ハイテックス株式会社,6930.0,13063874670.0,15949656000,1.220897811935301,,,,,,44.940000000000005,161
2026-08-17,3981,株式会社ビーグリー,1199.0,6700356113.0,8067059000,1.2039746640254432,,,,,,93.51,162
2026-08-17,9229,株式会社サンウェルズ,112.0,3632440896.0,4365000000,1.2016713072487113,,,,,,86.45,163
2026-08-17,8871,株式会社ゴールドクレスト,3305.0,109841863385.0,131889000000,1.200717066659038,,,,,,86.29,164
2026-08-17,7885,タカノ株式会社,1152.0,17535260160.0,20988521000,1.1969323984070277,,,,,,33.6695,165
2026-08-17,7919,野崎印刷紙業株式会社,223.0,3599796455.0,4305866000,1.1961415190626383,,,,,,96.47,166
2026-08-17,5019,出光興産株式会社,1330.0,1594154458750.0,1900106000000,1.1919208892028574,,,,,,47.48,167
2026-08-17,9867,ソレキア株式会社,10550.0,9113691350.0,10718763000,1.1761165249468315,,,,,,55.71,168
2026-08-17,4839,株式会社ＷＯＷＯＷ,1010.0,28620936610.0,33573000000,1.173022408647164,,,,,,95.22,169
2026-08-17,3864,三菱製紙株式会社,1151.0,50423214029.0,59132000000,1.1727138211775097,,,,,,83.67,170
2026-08-17,7115,株式会社アルファパーチェス,1490.0,14629547120.0,17114435000,1.1698540535545985,,,,,,31.3594,171
2026-08-17,1820,西松建設株式会社,5527.0,218230444610.0,254022000000,1.164008076205697,,,,,,60.31,172
2026-08-17,4631,ＤＩＣ株式会社,5567.0,527267849968.0,612550000000,1.161743504818615,,,,,,78.22,173
2026-08-17,8202,ラオックスホールディングス株式会社,148.0,13529591236.0,15655000000,1.1570933464970206,,,,,,72.08,174
2026-08-17,4376,株式会社くふうカンパニーホールディングス,167.0,10072805567.0,11573000000,1.14893511276688,,,,,,75.46000000000001,175
2026-08-17,8908,株式会社毎日コムネット,875.0,14982455250.0,17156570000,1.145110712077715,,,,,,59.4,176
2026-08-17,5820,株式会社三ッ星,825.0,3403582050.0,3896688000,1.1448785258460277,,,,,,86.91,177
2026-08-17,1893,五洋建設株式会社,1464.5,395897753386.5,452030000000,1.1417847061099642,,,,,,31.07,178
2026-08-17,2440,株式会社ぐるなび,128.0,7215889664.0,8213422000,1.1382410738590805,,,,,,58.38,179
2026-08-17,1382,株式会社ホーブ,899.0,684696380.0,778050000,1.1363430897648386,,,,,,80.74,180
2026-08-17,7037,株式会社テノ．ホールディングス,835.0,3814760960.0,4331000000,1.135326707338433,,,,,,36.34,181
2026-08-17,4361,川口化学工業株式会社,1516.0,1845519276.0,2095216000,1.135298897847979,,,,,,49.18,182
2026-08-17,8804,東京建物株式会社,3360.0,695987201280.0,786865000000,1.13057395100494,,,,,,72.94,183
2026-08-17,8173,株式会社Ｊｏｓｈｉｎ,4080.0,105589078080.0,119165000000,1.1285731646384312,,,,,,70.53,184
2026-08-17,9997,株式会社ベルーナ,1027.0,98771314200.0,110853000000,1.1223197838143173,,,,,,82.85,185
2026-08-17,4429,リックソフト株式会社,725.0,3262597150.0,3660852000,1.1220668172287225,,,,,,45.28,186
2026-08-17,3359,株式会社ｃｏｔｔａ,522.0,5538863178.0,6211954000,1.121521474780867,,,,,,71.73,187
2026-08-17,2735,株式会社ワッツ,684.0,9079658136.0,10164370000,1.1194661569579607,,,,,,61.5,188
2026-08-17,3895,ハビックス株式会社,503.0,3941338992.0,4401238000,1.1166859813209389,,,,,,87.85,189
2026-08-17,4629,大伸化学株式会社,2130.0,9745127010.0,10882051000,1.116665897615633,,,,,,84.3,190
2026-08-17,1333,Ｕｍｉｏｓ株式会社,1282.5,193892580967.5,216289000000,1.1155094172285738,,,,,,56.59,191
2026-08-17,2491,バリューコマース株式会社,465.0,10079492985.0,11224000000,1.113548073965945,,,,,,80.96,192
2026-08-17,6276,シリウスビジョン株式会社,382.0,1780191816.0,1976949000,1.110525833357724,,,,,,85.50999999999999,193
2026-08-17,7434,株式会社オータケ,1823.0,7150524262.0,7934569000,1.1096485669123095,,,,,,89.32,194
2026-08-17,7505,扶桑電通株式会社,2096.0,24457196960.0,27112253000,1.1085592941964024,,,,,,96.79,195
2026-08-17,3416,ピクスタ株式会社,879.0,1524205338.0,1689080000,1.1081708992151555,,,,,,54.44,196
2026-08-17,9258,株式会社ＣＳ－Ｃ,310.0,2065300290.0,2286353000,1.10703175275301,,,,,,96.8,197
2026-08-17,8076,株式会社カノークス,2110.0,20688746230.0,22843062000,1.1041298368712216,,,,,,45.540000000000006,198
2026-08-17,6158,株式会社和井田製作所,998.0,6509306298.0,7179626000,1.1029786695098305,,,,,,1228.971,199
2026-08-17,3267,株式会社フィル・カンパニー,665.0,3572497040.0,3934143000,1.10123058352485,,,,,,38.32,200
2026-08-17,5078,株式会社セレコーポレーション,4770.0,16166484000.0,17756580000,1.0983575649473318,,,,,,93.0,201
2026-08-17,2445,株式会社タカミヤ,418.0,19163375110.0,20928000000,1.0920831993253195,,,,,,82.0,202
2026-08-17,4028,石原産業株式会社,3115.0,119200997895.0,129841000000,1.089261015368113,,,,,,68.19,203
2026-08-17,9337,株式会社トリドリ,1402.0,4630491952.0,5030236000,1.086328634655621,,,,,,36.89,204
2026-08-17,7128,ユニソルホールディングス株式会社,2956.0,71079334548.0,77132000000,1.0851536595058109,,,,,,89.51,205
2026-08-17,2999,ホームポジション株式会社,634.0,5956683600.0,6454628000,1.0835942335429736,,,,,,41.78,206
2026-08-17,3670,協立情報通信株式会社,1749.0,2094959196.0,2269232000,1.083186729523299,,,,,,91.59,207
2026-08-17,4174,株式会社アピリッツ,798.0,3229156476.0,3496628000,1.0828301527002249,,,,,,67.56,208
2026-08-17,6742,株式会社京三製作所,1078.0,66536717016.0,71750000000,1.0783519719307215,,,,,,51.18000000000001,209
2026-08-17,8166,株式会社タカキュー,78.0,3249860952.0,3501173000,1.077330092490677,,,,,,30.680000000000003,210
2026-08-17,4351,株式会社山田再生系債権回収総合事務所,827.0,3522661082.0,3782515000,1.073766369216668,,,,,,65.4,211
2026-08-17,8101,株式会社ＧＳＩクレオス,2737.0,33216327795.0,35600000000,1.0717620629140951,,,,,,52.72,212
2026-08-17,1964,中外炉工業株式会社,4180.0,29182682540.0,31067000000,1.064569713816309,,,,,,81.22,213
2026-08-17,8086,ニプロ株式会社,1583.0,258180622906.0,274556000000,1.063426049986571,,,,,,102.7806,214
2026-08-17,9446,株式会社サカイホールディングス,685.0,5172979575.0,5498602000,1.0629467834309012,,,,,,83.15,215
2026-08-17,5406,株式会社　神戸製鋼所,2002.0,791696972066.0,838854000000,1.0595644919683598,,,,,,194.6294,216
2026-08-17,1853,株式会社　森組,333.0,10905649434.0,11533000000,1.0575252826341677,,,,,,68.02,217
2026-08-17,7962,株式会社キングジム,809.0,22781565395.0,24032101000,1.054892435322924,,,,,,99.95,218
2026-08-17,4487,株式会社スペースマーケット,225.0,2723802750.0,2862910000,1.051070970539258,,,,,,35.08,219
2026-08-17,9535,広島ガス株式会社,411.0,28250320503.0,29655000000,1.049722603920576,,,,,,343.259,220
2026-08-17,146A,コロンビア・ワークス株式会社,3905.0,29945883000.0,31376000000,1.047756715004864,,,,,,32.49,221
2026-08-17,2722,株式会社ＩＫホールディングス,359.0,2714763026.0,2824942000,1.040585116617836,,,,,,45.77,222
2026-08-17,9204,スカイマーク株式会社,409.0,24604282530.0,25562000000,1.0389248281811208,,,,,,68.78999999999999,223
2026-08-17,3138,株式会社富士山マガジンサービス,1132.0,3738317932.0,3870318000,1.035310016537138,,,,,,52.54,224
2026-08-17,5282,ジオスター株式会社,410.0,12560308590.0,12985460000,1.0338488029138462,,,,,,91.29,225
2026-08-17,373A,株式会社リップス,1475.0,3816562500.0,3943414000,1.0332371079996725,,,,,,91.73,226
2026-08-17,8051,株式会社山善,1933.0,168930622608.0,174350000000,1.0320804914368638,,,,,,51.4,227
2026-08-17,3321,ミタチ産業株式会社,1715.0,13670494810.0,14100073000,1.0314237484429432,,,,,,41.42,228
2026-08-17,4616,川上塗料株式会社,2039.0,2029691965.0,2084758000,1.0271302423961657,,,,,,58.48,229
2026-08-17,7135,ジャパンクラフトホールディングス株式会社,183.0,6829681878.0,7004481000,1.0255940357285265,,,,,,48.45,230
2026-08-17,1430,ファーストコーポレーション株式会社,1026.0,12302316612.0,12611943000,1.0251681368448915,,,,,,40.32,231
2026-08-17,166A,株式会社タスキホールディングス,1192.0,73570983808.0,75326167000,1.0238570031438012,,,,,,43.67,232
2026-08-17,9248,人・夢・技術グループ株式会社,1700.0,15115043400.0,15451000000,1.0222266381319156,,,,,,72.32,233
2026-08-17,6969,松尾電機株式会社,1087.0,4167482997.0,4241761000,1.017823228805845,,,,,,64.89,234
2026-08-17,8078,阪和興業株式会社,1810.0,350054115840.0,356252000000,1.017705502890967,,,,,,38.2,235
2026-08-17,7083,ＡＨＣグループ株式会社,1059.0,2187920475.0,2217767000,1.0136415035834427,,,,,,32.0,236
2026-08-17,5125,株式会社ファインズ,478.0,2135465000.0,2153210000,1.00830966557635,,,,,,93.43,237
