sec_code,ticker,year,high,low,days,updated_at
1420,1420.T,2016,509.4,350.22,87,2026-08-24
1420,1420.T,2017,783.41,456.42,253,2026-08-24
1420,1420.T,2018,1139.5,538.22,261,2026-08-24
1420,1420.T,2019,690.46,485.7,241,2026-08-24
1420,1420.T,2020,643.63,418.97,242,2026-08-24
1420,1420.T,2021,730.54,595.34,245,2026-08-24
1420,1420.T,2022,710.35,595.11,244,2026-08-24
1420,1420.T,2023,689.35,613.43,246,2026-08-24
1420,1420.T,2024,737.63,612.83,245,2026-08-24
1420,1420.T,2025,712.64,578.6,243,2026-08-24
1420,1420.T,2026,714.57,602.0,156,2026-08-24
1758,1758.T,2016,990.97,850.78,87,2026-08-24
1758,1758.T,2017,2030.97,986.85,253,2026-08-24
1758,1758.T,2018,2059.55,1565.65,261,2026-08-24
1758,1758.T,2019,2681.61,1405.89,241,2026-08-24
1758,1758.T,2020,2889.89,1204.18,242,2026-08-24
1758,1758.T,2021,1605.88,1392.06,245,2026-08-24
1758,1758.T,2022,2167.28,1367.52,244,2026-08-24
1758,1758.T,2023,2901.93,1604.93,246,2026-08-24
1758,1758.T,2024,2183.64,1424.11,245,2026-08-24
1758,1758.T,2025,2570.39,1468.93,243,2026-08-24
1758,1758.T,2026,2762.0,2330.0,156,2026-08-24
1850,1850.T,2016,580.84,477.78,87,2026-08-24
1850,1850.T,2017,721.36,524.63,253,2026-08-24
1850,1850.T,2018,908.73,347.57,261,2026-08-24
1850,1850.T,2019,440.31,312.9,241,2026-08-24
1850,1850.T,2020,334.45,201.42,242,2026-08-24
1850,1850.T,2021,333.51,254.82,245,2026-08-24
1850,1850.T,2022,357.44,274.49,244,2026-08-24
1850,1850.T,2023,353.17,286.52,246,2026-08-24
1850,1850.T,2024,362.35,258.96,245,2026-08-24
1850,1850.T,2025,639.66,236.18,243,2026-08-24
1850,1850.T,2026,641.63,374.0,156,2026-08-24
1853,1853.T,2016,124.9,96.23,87,2026-08-24
1853,1853.T,2017,372.9,108.33,253,2026-08-24
1853,1853.T,2018,592.33,218.08,261,2026-08-24
1853,1853.T,2019,332.74,199.87,241,2026-08-24
1853,1853.T,2020,262.1,142.03,242,2026-08-24
1853,1853.T,2021,281.78,215.39,245,2026-08-24
1853,1853.T,2022,264.82,239.53,244,2026-08-24
1853,1853.T,2023,308.59,234.55,246,2026-08-24
1853,1853.T,2024,323.58,262.34,245,2026-08-24
1853,1853.T,2025,335.59,268.47,243,2026-08-24
1853,1853.T,2026,338.0,307.0,156,2026-08-24
1897,1897.T,2016,2387.8,1786.42,87,2026-08-24
1897,1897.T,2017,3269.58,2287.4,253,2026-08-24
1897,1897.T,2018,4110.61,2956.38,261,2026-08-24
1897,1897.T,2019,4523.53,3425.51,241,2026-08-24
1897,1897.T,2020,4677.33,3030.76,242,2026-08-24
1897,1897.T,2021,3599.61,2980.57,245,2026-08-24
1897,1897.T,2022,3396.0,2537.23,244,2026-08-24
1897,1897.T,2023,2818.66,2562.85,246,2026-08-24
1897,1897.T,2024,3154.29,2558.16,245,2026-08-24
1897,1897.T,2025,2980.0,2518.58,243,2026-08-24
1897,1897.T,2026,3575.0,2904.0,156,2026-08-24
1994,1994.T,2016,593.71,413.8,87,2026-08-24
1994,1994.T,2017,512.53,407.43,253,2026-08-24
1994,1994.T,2018,778.02,391.95,261,2026-08-24
1994,1994.T,2019,652.81,415.7,241,2026-08-24
1994,1994.T,2020,614.44,297.11,242,2026-08-24
1994,1994.T,2021,589.86,426.64,245,2026-08-24
1994,1994.T,2022,552.21,397.04,244,2026-08-24
1994,1994.T,2023,477.08,402.81,246,2026-08-24
1994,1994.T,2024,577.89,439.56,245,2026-08-24
1994,1994.T,2025,544.32,430.37,243,2026-08-24
1994,1994.T,2026,651.89,507.79,156,2026-08-24
2055,2055.T,2016,179.12,155.51,87,2026-08-24
2055,2055.T,2017,323.54,174.23,253,2026-08-24
2055,2055.T,2018,316.06,173.43,261,2026-08-24
2055,2055.T,2019,251.53,182.74,241,2026-08-24
2055,2055.T,2020,298.07,178.66,242,2026-08-24
2055,2055.T,2021,361.47,251.77,245,2026-08-24
2055,2055.T,2022,319.21,211.07,244,2026-08-24
2055,2055.T,2023,274.73,216.58,246,2026-08-24
2055,2055.T,2024,335.81,259.67,245,2026-08-24
2055,2055.T,2025,351.27,253.86,243,2026-08-24
2055,2055.T,2026,408.34,310.0,156,2026-08-24
2193,2193.T,2016,1170.2,920.91,87,2026-08-24
2193,2193.T,2017,1139.85,599.04,253,2026-08-24
2193,2193.T,2018,681.0,287.0,261,2026-08-24
2193,2193.T,2019,407.0,258.0,241,2026-08-24
2193,2193.T,2020,412.0,218.0,242,2026-08-24
2193,2193.T,2021,337.0,215.0,245,2026-08-24
2193,2193.T,2022,309.0,175.0,244,2026-08-24
2193,2193.T,2023,232.0,105.0,246,2026-08-24
2193,2193.T,2024,224.0,111.0,245,2026-08-24
2193,2193.T,2025,233.0,129.0,243,2026-08-24
2193,2193.T,2026,165.0,111.0,156,2026-08-24
2388,2388.T,2016,1240.0,353.0,87,2026-08-24
2388,2388.T,2017,1597.0,302.0,253,2026-08-24
2388,2388.T,2018,368.0,93.0,261,2026-08-24
2388,2388.T,2019,156.0,91.0,241,2026-08-24
2388,2388.T,2020,275.0,64.0,242,2026-08-24
2388,2388.T,2021,161.0,73.0,245,2026-08-24
2388,2388.T,2022,225.0,69.0,244,2026-08-24
2388,2388.T,2023,196.0,93.0,246,2026-08-24
2388,2388.T,2024,119.0,55.0,245,2026-08-24
2388,2388.T,2025,115.0,57.0,243,2026-08-24
2388,2388.T,2026,72.0,32.0,156,2026-08-24
2484,2484.T,2016,703.56,437.87,87,2026-08-24
2484,2484.T,2017,2462.03,671.24,253,2026-08-24
2484,2484.T,2018,3715.94,1206.06,261,2026-08-24
2484,2484.T,2019,2369.22,900.0,241,2026-08-24
2484,2484.T,2020,4200.0,524.0,242,2026-08-24
2484,2484.T,2021,3560.0,682.0,245,2026-08-24
2484,2484.T,2022,1013.0,386.0,244,2026-08-24
2484,2484.T,2023,578.0,309.0,246,2026-08-24
2484,2484.T,2024,604.0,200.0,245,2026-08-24
2484,2484.T,2025,262.0,129.0,243,2026-08-24
2484,2484.T,2026,157.0,112.0,156,2026-08-24
2499,2499.T,2016,223.59,172.85,87,2026-08-24
2499,2499.T,2017,409.43,161.91,253,2026-08-24
2499,2499.T,2018,477.8,216.86,261,2026-08-24
2499,2499.T,2019,333.87,214.68,241,2026-08-24
2499,2499.T,2020,302.31,166.78,242,2026-08-24
2499,2499.T,2021,243.96,164.43,245,2026-08-24
2499,2499.T,2022,278.92,201.15,244,2026-08-24
2499,2499.T,2023,349.04,244.7,246,2026-08-24
2499,2499.T,2024,313.29,228.86,245,2026-08-24
2499,2499.T,2025,404.87,274.14,243,2026-08-24
2499,2499.T,2026,364.68,262.23,156,2026-08-24
2654,2654.T,2016,612.99,501.54,87,2026-08-24
2654,2654.T,2017,775.16,516.78,253,2026-08-24
2654,2654.T,2018,621.75,223.17,261,2026-08-24
2654,2654.T,2019,538.73,260.91,241,2026-08-24
2654,2654.T,2020,617.98,306.88,242,2026-08-24
2654,2654.T,2021,523.51,354.38,245,2026-08-24
2654,2654.T,2022,491.88,330.94,244,2026-08-24
2654,2654.T,2023,375.78,289.41,246,2026-08-24
2654,2654.T,2024,444.15,287.89,245,2026-08-24
2654,2654.T,2025,410.53,298.39,243,2026-08-24
2654,2654.T,2026,429.0,375.0,156,2026-08-24
2693,2693.T,2016,159.34,131.98,87,2026-08-24
2693,2693.T,2017,752.89,151.58,253,2026-08-24
2693,2693.T,2018,750.11,218.78,261,2026-08-24
2693,2693.T,2019,545.03,240.23,241,2026-08-24
2693,2693.T,2020,446.25,182.67,242,2026-08-24
2693,2693.T,2021,306.88,229.94,245,2026-08-24
2693,2693.T,2022,362.08,207.16,244,2026-08-24
2693,2693.T,2023,343.38,231.69,246,2026-08-24
2693,2693.T,2024,289.57,177.39,245,2026-08-24
2693,2693.T,2025,317.93,177.07,243,2026-08-24
2693,2693.T,2026,548.0,229.0,156,2026-08-24
2788,2788.T,2016,251.37,185.43,87,2026-08-24
2788,2788.T,2017,421.96,223.34,253,2026-08-24
2788,2788.T,2018,392.49,179.93,261,2026-08-24
2788,2788.T,2019,251.9,171.36,241,2026-08-24
2788,2788.T,2020,244.72,96.85,242,2026-08-24
2788,2788.T,2021,345.29,196.19,245,2026-08-24
2788,2788.T,2022,398.3,154.15,244,2026-08-24
2788,2788.T,2023,558.49,221.41,246,2026-08-24
2788,2788.T,2024,584.02,314.98,245,2026-08-24
2788,2788.T,2025,425.16,317.41,243,2026-08-24
2788,2788.T,2026,432.0,328.0,156,2026-08-24
2795,2795.T,2016,428.91,378.81,87,2026-08-24
2795,2795.T,2017,602.25,422.84,253,2026-08-24
2795,2795.T,2018,1141.04,571.32,261,2026-08-24
2795,2795.T,2019,779.44,654.95,241,2026-08-24
2795,2795.T,2020,764.24,509.5,242,2026-08-24
2795,2795.T,2021,699.12,581.55,245,2026-08-24
2795,2795.T,2022,686.09,588.83,244,2026-08-24
2795,2795.T,2023,802.03,614.7,246,2026-08-24
2795,2795.T,2024,892.59,685.52,245,2026-08-24
2795,2795.T,2025,919.07,778.05,243,2026-08-24
2795,2795.T,2026,1017.0,856.82,156,2026-08-24
2917,2917.T,2016,775.27,750.72,87,2026-08-24
2917,2917.T,2017,798.47,769.25,253,2026-08-24
2917,2917.T,2018,869.24,718.92,261,2026-08-24
2917,2917.T,2019,786.38,707.38,241,2026-08-24
2917,2917.T,2020,855.91,557.65,242,2026-08-24
2917,2917.T,2021,789.89,685.86,245,2026-08-24
2917,2917.T,2022,901.72,724.43,244,2026-08-24
2917,2917.T,2023,978.46,773.18,246,2026-08-24
2917,2917.T,2024,1022.64,857.07,245,2026-08-24
2917,2917.T,2025,968.67,880.61,243,2026-08-24
2917,2917.T,2026,952.0,889.0,156,2026-08-24
3161,3161.T,2016,522.18,351.95,87,2026-08-24
3161,3161.T,2017,581.0,397.19,253,2026-08-24
3161,3161.T,2018,570.86,298.09,261,2026-08-24
3161,3161.T,2019,513.87,331.38,241,2026-08-24
3161,3161.T,2020,1619.56,479.78,242,2026-08-24
3161,3161.T,2021,966.85,511.95,245,2026-08-24
3161,3161.T,2022,699.74,500.08,244,2026-08-24
3161,3161.T,2023,642.71,539.68,246,2026-08-24
3161,3161.T,2024,697.52,509.16,245,2026-08-24
3161,3161.T,2025,688.2,580.96,243,2026-08-24
3161,3161.T,2026,699.0,618.0,156,2026-08-24
3246,3246.T,2016,721.49,309.21,87,2026-08-24
3246,3246.T,2017,1237.67,548.48,253,2026-08-24
3246,3246.T,2018,1034.92,496.24,261,2026-08-24
3246,3246.T,2019,724.1,523.76,241,2026-08-24
3246,3246.T,2020,753.87,238.47,242,2026-08-24
3246,3246.T,2021,624.93,484.84,245,2026-08-24
3246,3246.T,2022,704.55,487.37,244,2026-08-24
3246,3246.T,2023,1017.16,642.51,246,2026-08-24
3246,3246.T,2024,1042.49,496.97,245,2026-08-24
3246,3246.T,2025,738.0,556.64,243,2026-08-24
3246,3246.T,2026,738.96,615.0,156,2026-08-24
3261,3261.T,2016,298.1,209.99,87,2026-08-24
3261,3261.T,2017,399.79,257.77,253,2026-08-24
3261,3261.T,2018,607.7,275.02,261,2026-08-24
3261,3261.T,2019,522.99,300.35,241,2026-08-24
3261,3261.T,2020,485.94,257.07,242,2026-08-24
3261,3261.T,2021,427.71,293.19,245,2026-08-24
3261,3261.T,2022,417.63,320.57,244,2026-08-24
3261,3261.T,2023,416.63,285.45,246,2026-08-24
3261,3261.T,2024,1426.2,358.47,245,2026-08-24
3261,3261.T,2025,1203.11,590.0,243,2026-08-24
3261,3261.T,2026,591.0,376.0,156,2026-08-24
3297,3297.T,2016,626.12,486.65,87,2026-08-24
3297,3297.T,2017,1210.38,615.62,253,2026-08-24
3297,3297.T,2018,1645.8,657.53,261,2026-08-24
3297,3297.T,2019,1059.92,796.12,241,2026-08-24
3297,3297.T,2020,952.76,509.92,242,2026-08-24
3297,3297.T,2021,1107.16,802.94,245,2026-08-24
3297,3297.T,2022,939.39,848.18,244,2026-08-24
3297,3297.T,2023,1106.35,866.95,246,2026-08-24
3297,3297.T,2024,1136.27,919.25,245,2026-08-24
3297,3297.T,2025,1366.7,1002.56,243,2026-08-24
3297,3297.T,2026,1343.52,1058.0,156,2026-08-24
3321,3321.T,2016,429.7,374.47,87,2026-08-24
3321,3321.T,2017,1487.26,418.75,253,2026-08-24
3321,3321.T,2018,1542.79,431.25,261,2026-08-24
3321,3321.T,2019,594.02,468.6,241,2026-08-24
3321,3321.T,2020,589.49,318.17,242,2026-08-24
3321,3321.T,2021,943.24,441.61,245,2026-08-24
3321,3321.T,2022,1004.24,609.0,244,2026-08-24
3321,3321.T,2023,1318.96,855.14,246,2026-08-24
3321,3321.T,2024,1174.48,860.86,245,2026-08-24
3321,3321.T,2025,2148.57,870.64,243,2026-08-24
3321,3321.T,2026,2393.28,1505.0,156,2026-08-24
3396,3396.T,2016,948.23,874.88,87,2026-08-24
3396,3396.T,2017,1318.57,876.66,253,2026-08-24
3396,3396.T,2018,1446.79,997.76,261,2026-08-24
3396,3396.T,2019,1092.95,793.77,241,2026-08-24
3396,3396.T,2020,1517.0,681.88,242,2026-08-24
3396,3396.T,2021,1759.49,1114.93,245,2026-08-24
3396,3396.T,2022,1291.88,893.43,244,2026-08-24
3396,3396.T,2023,989.01,848.53,246,2026-08-24
3396,3396.T,2024,920.0,777.21,245,2026-08-24
3396,3396.T,2025,936.35,679.29,243,2026-08-24
3396,3396.T,2026,900.0,816.13,156,2026-08-24
3426,3426.T,2016,764.42,713.2,87,2026-08-24
3426,3426.T,2017,999.85,714.4,253,2026-08-24
3426,3426.T,2018,1077.52,900.64,261,2026-08-24
3426,3426.T,2019,1316.99,998.6,241,2026-08-24
3426,3426.T,2020,1309.41,992.56,242,2026-08-24
3426,3426.T,2021,1473.16,1209.91,245,2026-08-24
3426,3426.T,2022,1405.7,1159.08,244,2026-08-24
3426,3426.T,2023,1229.26,1012.38,246,2026-08-24
3426,3426.T,2024,1391.68,1116.95,245,2026-08-24
3426,3426.T,2025,1568.64,1247.98,243,2026-08-24
3426,3426.T,2026,1319.04,1260.84,156,2026-08-24
3439,3439.T,2016,564.61,476.42,87,2026-08-24
3439,3439.T,2017,816.58,532.25,253,2026-08-24
3439,3439.T,2018,942.85,715.4,261,2026-08-24
3439,3439.T,2019,1073.8,828.64,241,2026-08-24
3439,3439.T,2020,1066.64,814.19,242,2026-08-24
3439,3439.T,2021,1317.95,928.96,245,2026-08-24
3439,3439.T,2022,1040.29,917.47,244,2026-08-24
3439,3439.T,2023,1208.16,632.24,246,2026-08-24
3439,3439.T,2024,985.35,562.96,245,2026-08-24
3439,3439.T,2025,696.31,536.06,243,2026-08-24
3439,3439.T,2026,778.45,608.96,156,2026-08-24
3477,3477.T,2016,675.6,499.92,5,2026-08-24
3477,3477.T,2017,899.57,357.23,253,2026-08-24
3477,3477.T,2018,791.55,233.57,261,2026-08-24
3477,3477.T,2019,572.2,267.27,241,2026-08-24
3477,3477.T,2020,509.2,208.66,242,2026-08-24
3477,3477.T,2021,624.14,424.74,245,2026-08-24
3477,3477.T,2022,757.66,513.26,244,2026-08-24
3477,3477.T,2023,593.26,535.49,246,2026-08-24
3477,3477.T,2024,581.67,514.05,245,2026-08-24
3477,3477.T,2025,899.56,526.46,243,2026-08-24
3477,3477.T,2026,926.01,750.0,156,2026-08-24
3583,3583.T,2016,1543.2,781.73,87,2026-08-24
3583,3583.T,2017,1262.32,796.73,253,2026-08-24
3583,3583.T,2018,864.77,641.91,261,2026-08-24
3583,3583.T,2019,842.34,656.07,241,2026-08-24
3583,3583.T,2020,790.7,400.43,242,2026-08-24
3583,3583.T,2021,944.66,535.96,245,2026-08-24
3583,3583.T,2022,936.36,751.82,244,2026-08-24
3583,3583.T,2023,958.06,768.87,246,2026-08-24
3583,3583.T,2024,1236.92,839.7,245,2026-08-24
3583,3583.T,2025,1504.46,1118.94,243,2026-08-24
3583,3583.T,2026,1453.0,1125.0,156,2026-08-24
3600,3600.T,2016,1194.66,1073.04,87,2026-08-24
3600,3600.T,2017,2225.11,1141.0,253,2026-08-24
3600,3600.T,2018,1954.22,1419.87,261,2026-08-24
3600,3600.T,2019,1603.07,1380.0,241,2026-08-24
3600,3600.T,2020,1578.21,1034.8,242,2026-08-24
3600,3600.T,2021,1487.77,1282.14,245,2026-08-24
3600,3600.T,2022,2523.76,1238.89,244,2026-08-24
3600,3600.T,2023,1601.77,1245.08,246,2026-08-24
3600,3600.T,2024,1734.48,1337.9,245,2026-08-24
3600,3600.T,2025,1629.88,1391.57,243,2026-08-24
3600,3600.T,2026,1793.0,1581.0,156,2026-08-24
3632,3632.T,2016,504.43,372.06,87,2026-08-24
3632,3632.T,2017,871.79,464.48,253,2026-08-24
3632,3632.T,2018,600.54,311.11,261,2026-08-24
3632,3632.T,2019,460.38,345.14,241,2026-08-24
3632,3632.T,2020,520.55,281.85,242,2026-08-24
3632,3632.T,2021,925.55,461.49,245,2026-08-24
3632,3632.T,2022,1107.39,592.05,244,2026-08-24
3632,3632.T,2023,668.02,460.17,246,2026-08-24
3632,3632.T,2024,543.67,367.5,245,2026-08-24
3632,3632.T,2025,575.54,364.89,243,2026-08-24
3632,3632.T,2026,430.0,336.6,156,2026-08-24
3710,3710.T,2016,781.09,624.25,87,2026-08-24
3710,3710.T,2017,1177.35,759.01,253,2026-08-24
3710,3710.T,2018,1144.75,870.02,261,2026-08-24
3710,3710.T,2019,1994.81,900.21,241,2026-08-24
3710,3710.T,2020,1409.38,599.94,242,2026-08-24
3710,3710.T,2021,946.43,629.42,245,2026-08-24
3710,3710.T,2022,751.54,582.37,244,2026-08-24
3710,3710.T,2023,696.12,564.81,246,2026-08-24
3710,3710.T,2024,666.79,563.83,245,2026-08-24
3710,3710.T,2025,613.72,560.0,243,2026-08-24
3710,3710.T,2026,793.0,571.0,156,2026-08-24
3758,3758.T,2016,868.54,273.72,87,2026-08-24
3758,3758.T,2017,3297.92,594.16,253,2026-08-24
3758,3758.T,2018,2057.9,374.73,261,2026-08-24
3758,3758.T,2019,1213.3,405.33,241,2026-08-24
3758,3758.T,2020,868.18,379.37,242,2026-08-24
3758,3758.T,2021,638.68,361.79,245,2026-08-24
3758,3758.T,2022,504.63,311.19,244,2026-08-24
3758,3758.T,2023,406.15,280.23,246,2026-08-24
3758,3758.T,2024,383.12,192.52,245,2026-08-24
3758,3758.T,2025,392.91,189.58,243,2026-08-24
3758,3758.T,2026,299.0,224.0,156,2026-08-24
3765,3765.T,2016,2815.52,1961.56,87,2026-08-24
3765,3765.T,2017,2944.14,2079.73,253,2026-08-24
3765,3765.T,2018,3516.93,1589.96,261,2026-08-24
3765,3765.T,2019,3793.49,1686.0,241,2026-08-24
3765,3765.T,2020,2505.84,1208.46,242,2026-08-24
3765,3765.T,2021,2810.15,1734.73,245,2026-08-24
3765,3765.T,2022,2637.72,1868.15,244,2026-08-24
3765,3765.T,2023,2814.84,1903.36,246,2026-08-24
3765,3765.T,2024,3267.18,1993.93,245,2026-08-24
3765,3765.T,2025,3355.09,2280.77,243,2026-08-24
3765,3765.T,2026,2720.0,2125.0,156,2026-08-24
3787,3787.T,2016,2069.0,1030.0,87,2026-08-24
3787,3787.T,2017,1902.0,994.0,253,2026-08-24
3787,3787.T,2018,1716.0,999.0,261,2026-08-24
3787,3787.T,2019,1363.0,957.0,241,2026-08-24
3787,3787.T,2020,1623.0,550.0,242,2026-08-24
3787,3787.T,2021,1153.0,599.0,245,2026-08-24
3787,3787.T,2022,769.0,502.0,244,2026-08-24
3787,3787.T,2023,939.0,525.0,246,2026-08-24
3787,3787.T,2024,875.0,481.0,245,2026-08-24
3787,3787.T,2025,793.0,475.0,243,2026-08-24
3787,3787.T,2026,770.0,254.0,156,2026-08-24
3930,3930.T,2016,2197.0,1501.0,87,2026-08-24
3930,3930.T,2017,2843.0,1650.0,253,2026-08-24
3930,3930.T,2018,3475.0,1553.0,261,2026-08-24
3930,3930.T,2019,5480.0,1984.0,241,2026-08-24
3930,3930.T,2020,2430.0,1299.0,242,2026-08-24
3930,3930.T,2021,1700.0,1176.0,245,2026-08-24
3930,3930.T,2022,1468.0,910.0,244,2026-08-24
3930,3930.T,2023,999.0,685.0,246,2026-08-24
3930,3930.T,2024,1112.0,698.0,245,2026-08-24
3930,3930.T,2025,1694.0,836.0,243,2026-08-24
3930,3930.T,2026,1355.0,716.0,156,2026-08-24
4224,4224.T,2016,1674.58,957.85,87,2026-08-24
4224,4224.T,2017,1853.02,1348.25,253,2026-08-24
4224,4224.T,2018,1718.53,1121.57,261,2026-08-24
4224,4224.T,2019,1524.31,1126.31,241,2026-08-24
4224,4224.T,2020,1723.67,1129.95,242,2026-08-24
4224,4224.T,2021,1255.91,1124.55,245,2026-08-24
4224,4224.T,2022,1234.66,987.72,244,2026-08-24
4224,4224.T,2023,1423.64,1024.68,246,2026-08-24
4224,4224.T,2024,1636.44,1295.07,245,2026-08-24
4224,4224.T,2025,1891.02,1311.75,243,2026-08-24
4224,4224.T,2026,2212.73,1776.12,156,2026-08-24
4231,4231.T,2016,604.58,439.4,87,2026-08-24
4231,4231.T,2017,639.63,480.5,253,2026-08-24
4231,4231.T,2018,715.36,409.92,261,2026-08-24
4231,4231.T,2019,521.27,392.61,241,2026-08-24
4231,4231.T,2020,489.92,289.25,242,2026-08-24
4231,4231.T,2021,410.89,307.77,245,2026-08-24
4231,4231.T,2022,393.24,323.09,244,2026-08-24
4231,4231.T,2023,809.84,333.21,246,2026-08-24
4231,4231.T,2024,1042.84,553.73,245,2026-08-24
4231,4231.T,2025,1007.18,572.41,243,2026-08-24
4231,4231.T,2026,1263.13,909.49,156,2026-08-24
4243,4243.T,2016,825.34,583.86,87,2026-08-24
4243,4243.T,2017,1360.41,640.92,253,2026-08-24
4243,4243.T,2018,1012.53,535.56,261,2026-08-24
4243,4243.T,2019,1245.31,561.56,241,2026-08-24
4243,4243.T,2020,1392.38,490.02,242,2026-08-24
4243,4243.T,2021,1210.18,653.0,245,2026-08-24
4243,4243.T,2022,759.54,580.56,244,2026-08-24
4243,4243.T,2023,1047.39,680.62,246,2026-08-24
4243,4243.T,2024,859.32,603.89,245,2026-08-24
4243,4243.T,2025,997.0,655.83,243,2026-08-24
4243,4243.T,2026,1149.0,790.0,156,2026-08-24
4316,4316.T,2016,733.0,485.0,87,2026-08-24
4316,4316.T,2017,3335.0,483.0,253,2026-08-24
4316,4316.T,2018,1866.0,459.0,261,2026-08-24
4316,4316.T,2019,1385.0,506.0,241,2026-08-24
4316,4316.T,2020,1239.0,445.0,242,2026-08-24
4316,4316.T,2021,708.0,453.0,245,2026-08-24
4316,4316.T,2022,920.0,420.0,244,2026-08-24
4316,4316.T,2023,545.0,357.0,246,2026-08-24
4316,4316.T,2024,750.0,301.0,245,2026-08-24
4316,4316.T,2025,2282.0,275.0,243,2026-08-24
4316,4316.T,2026,1728.0,79.0,156,2026-08-24
4341,4341.T,2016,829.06,662.14,87,2026-08-24
4341,4341.T,2017,1007.76,709.69,253,2026-08-24
4341,4341.T,2018,794.41,545.96,261,2026-08-24
4341,4341.T,2019,801.31,601.26,241,2026-08-24
4341,4341.T,2020,1101.28,541.32,242,2026-08-24
4341,4341.T,2021,915.08,721.07,245,2026-08-24
4341,4341.T,2022,838.62,717.68,244,2026-08-24
4341,4341.T,2023,874.22,688.48,246,2026-08-24
4341,4341.T,2024,867.46,680.91,245,2026-08-24
4341,4341.T,2025,846.14,704.23,243,2026-08-24
4341,4341.T,2026,998.85,746.26,156,2026-08-24
4569,4569.T,2016,1846.51,1469.36,87,2026-08-24
4569,4569.T,2017,1983.91,1549.25,253,2026-08-24
4569,4569.T,2018,2197.75,1485.98,261,2026-08-24
4569,4569.T,2019,1920.41,1338.17,241,2026-08-24
4569,4569.T,2020,2094.82,1313.29,242,2026-08-24
4569,4569.T,2021,1731.13,1419.13,245,2026-08-24
4569,4569.T,2022,1676.6,1443.98,244,2026-08-24
4569,4569.T,2023,1703.82,1455.33,246,2026-08-24
4569,4569.T,2024,1719.37,1355.55,245,2026-08-24
4569,4569.T,2025,1600.64,1254.68,243,2026-08-24
4569,4569.T,2026,1724.0,1052.0,156,2026-08-24
4625,4625.T,2016,443.65,395.58,87,2026-08-24
4625,4625.T,2017,1527.24,401.89,253,2026-08-24
4625,4625.T,2018,791.54,523.75,261,2026-08-24
4625,4625.T,2019,745.05,557.74,241,2026-08-24
4625,4625.T,2020,685.42,463.63,242,2026-08-24
4625,4625.T,2021,634.2,550.67,245,2026-08-24
4625,4625.T,2022,714.91,533.79,244,2026-08-24
4625,4625.T,2023,712.82,570.12,246,2026-08-24
4625,4625.T,2024,789.07,551.4,245,2026-08-24
4625,4625.T,2025,732.95,547.27,243,2026-08-24
4625,4625.T,2026,1015.39,685.0,156,2026-08-24
4629,4629.T,2016,1234.07,868.79,87,2026-08-24
4629,4629.T,2017,1435.63,1185.44,253,2026-08-24
4629,4629.T,2018,1381.31,928.43,261,2026-08-24
4629,4629.T,2019,1292.75,842.31,241,2026-08-24
4629,4629.T,2020,1441.99,905.01,242,2026-08-24
4629,4629.T,2021,1375.69,1111.0,245,2026-08-24
4629,4629.T,2022,1149.31,938.38,244,2026-08-24
4629,4629.T,2023,1386.38,1045.63,246,2026-08-24
4629,4629.T,2024,1583.24,1238.55,245,2026-08-24
4629,4629.T,2025,1658.76,1255.78,243,2026-08-24
4629,4629.T,2026,2250.0,1586.56,156,2026-08-24
4839,4839.T,2016,2643.4,1966.57,87,2026-08-24
4839,4839.T,2017,3102.14,2313.19,253,2026-08-24
4839,4839.T,2018,2901.8,2143.96,261,2026-08-24
4839,4839.T,2019,2481.65,1963.43,241,2026-08-24
4839,4839.T,2020,2527.72,1693.19,242,2026-08-24
4839,4839.T,2021,2479.41,1413.93,245,2026-08-24
4839,4839.T,2022,1542.31,1044.7,244,2026-08-24
4839,4839.T,2023,1213.83,947.38,246,2026-08-24
4839,4839.T,2024,1108.95,923.81,245,2026-08-24
4839,4839.T,2025,1876.59,927.6,243,2026-08-24
4839,4839.T,2026,1541.35,965.0,156,2026-08-24
4925,4925.T,2016,3427.5,2673.62,87,2026-08-24
4925,4925.T,2017,6393.93,3232.29,253,2026-08-24
4925,4925.T,2018,11437.0,4415.7,261,2026-08-24
4925,4925.T,2019,8373.61,5992.62,241,2026-08-24
4925,4925.T,2020,7562.11,3512.18,242,2026-08-24
4925,4925.T,2021,4375.61,2123.65,245,2026-08-24
4925,4925.T,2022,2413.54,1865.8,244,2026-08-24
4925,4925.T,2023,2347.89,1942.17,246,2026-08-24
4925,4925.T,2024,2110.28,1435.04,245,2026-08-24
4925,4925.T,2025,1828.44,1486.22,243,2026-08-24
4925,4925.T,2026,1807.91,1659.29,156,2026-08-24
5078,5078.T,2022,2145.4,1500.89,199,2026-08-24
5078,5078.T,2023,3081.58,2063.24,246,2026-08-24
5078,5078.T,2024,4246.21,2930.48,245,2026-08-24
5078,5078.T,2025,6762.72,3629.49,243,2026-08-24
5078,5078.T,2026,5340.0,4612.28,155,2026-08-24
5079,5079.T,2022,2334.08,1629.08,186,2026-08-24
5079,5079.T,2023,3322.76,2047.51,246,2026-08-24
5079,5079.T,2024,3433.73,2064.88,245,2026-08-24
5079,5079.T,2025,2777.87,2182.37,243,2026-08-24
5079,5079.T,2026,2878.21,2390.0,156,2026-08-24
5103,5103.T,2016,290.0,101.0,87,2026-08-24
5103,5103.T,2017,298.0,87.0,253,2026-08-24
5103,5103.T,2018,106.0,44.0,261,2026-08-24
5103,5103.T,2019,73.0,48.0,241,2026-08-24
5103,5103.T,2020,93.0,38.0,242,2026-08-24
5103,5103.T,2021,80.0,45.0,245,2026-08-24
5103,5103.T,2022,65.0,43.0,244,2026-08-24
5103,5103.T,2023,62.0,41.0,246,2026-08-24
5103,5103.T,2024,50.0,42.0,245,2026-08-24
5103,5103.T,2025,72.0,32.0,243,2026-08-24
5103,5103.T,2026,48.0,1.0,156,2026-08-24
5187,5187.T,2016,677.14,556.08,87,2026-08-24
5187,5187.T,2017,990.94,641.67,253,2026-08-24
5187,5187.T,2018,1075.85,672.04,261,2026-08-24
5187,5187.T,2019,869.94,663.86,241,2026-08-24
5187,5187.T,2020,872.25,675.59,242,2026-08-24
5187,5187.T,2021,864.75,767.06,245,2026-08-24
5187,5187.T,2022,940.79,728.78,244,2026-08-24
5187,5187.T,2023,828.16,745.38,246,2026-08-24
5187,5187.T,2024,936.02,792.05,245,2026-08-24
5187,5187.T,2025,1027.03,831.85,243,2026-08-24
5187,5187.T,2026,1221.44,1000.52,156,2026-08-24
5280,5280.T,2016,847.09,658.02,87,2026-08-24
5280,5280.T,2017,1278.53,758.22,253,2026-08-24
5280,5280.T,2018,1347.4,619.87,261,2026-08-24
5280,5280.T,2019,935.19,693.88,241,2026-08-24
5280,5280.T,2020,911.55,531.86,242,2026-08-24
5280,5280.T,2021,970.69,741.89,245,2026-08-24
5280,5280.T,2022,997.5,846.39,244,2026-08-24
5280,5280.T,2023,1141.68,878.65,246,2026-08-24
5280,5280.T,2024,1818.99,1081.41,245,2026-08-24
5280,5280.T,2025,2862.59,1358.93,243,2026-08-24
5280,5280.T,2026,3070.52,2072.0,156,2026-08-24
5282,5282.T,2016,754.75,610.06,87,2026-08-24
5282,5282.T,2017,930.12,576.17,253,2026-08-24
5282,5282.T,2018,636.61,305.32,261,2026-08-24
5282,5282.T,2019,469.72,202.13,241,2026-08-24
5282,5282.T,2020,441.9,215.22,242,2026-08-24
5282,5282.T,2021,385.93,251.19,245,2026-08-24
5282,5282.T,2022,297.79,246.27,244,2026-08-24
5282,5282.T,2023,323.68,256.77,246,2026-08-24
5282,5282.T,2024,373.42,241.79,245,2026-08-24
5282,5282.T,2025,418.06,253.56,243,2026-08-24
5282,5282.T,2026,497.37,360.0,156,2026-08-24
5408,5408.T,2016,585.15,410.63,87,2026-08-24
5408,5408.T,2017,606.67,454.75,253,2026-08-24
5408,5408.T,2018,582.3,334.78,261,2026-08-24
5408,5408.T,2019,454.85,323.82,241,2026-08-24
5408,5408.T,2020,417.46,239.64,242,2026-08-24
5408,5408.T,2021,431.15,273.81,245,2026-08-24
5408,5408.T,2022,716.35,326.51,244,2026-08-24
5408,5408.T,2023,1038.75,666.85,246,2026-08-24
5408,5408.T,2024,917.31,667.1,245,2026-08-24
5408,5408.T,2025,772.73,545.73,243,2026-08-24
5408,5408.T,2026,680.0,589.31,156,2026-08-24
548A,548A.T,2026,1195.0,878.0,95,2026-08-24
5697,5697.T,2016,253.51,218.02,87,2026-08-24
5697,5697.T,2017,890.94,230.33,253,2026-08-24
5697,5697.T,2018,705.51,297.25,261,2026-08-24
5697,5697.T,2019,428.61,318.27,241,2026-08-24
5697,5697.T,2020,392.46,178.81,242,2026-08-24
5697,5697.T,2021,519.24,275.1,245,2026-08-24
5697,5697.T,2022,561.33,388.02,244,2026-08-24
5697,5697.T,2023,679.02,445.29,246,2026-08-24
5697,5697.T,2024,533.28,377.54,245,2026-08-24
5697,5697.T,2025,710.08,413.57,243,2026-08-24
5697,5697.T,2026,849.0,649.0,156,2026-08-24
5753,5753.T,2016,1197.2,883.29,87,2026-08-24
5753,5753.T,2017,2203.99,970.96,253,2026-08-24
5753,5753.T,2018,2553.98,886.19,261,2026-08-24
5753,5753.T,2019,1519.24,924.27,241,2026-08-24
5753,5753.T,2020,1650.72,925.8,242,2026-08-24
5753,5753.T,2021,2034.06,1291.92,245,2026-08-24
5753,5753.T,2022,2639.99,1664.19,244,2026-08-24
5753,5753.T,2023,2065.2,1772.28,246,2026-08-24
5753,5753.T,2024,2066.84,1578.49,245,2026-08-24
5753,5753.T,2025,2353.54,1744.29,243,2026-08-24
5753,5753.T,2026,3087.73,2201.0,156,2026-08-24
5819,5819.T,2016,1623.85,1377.87,87,2026-08-24
5819,5819.T,2017,2081.1,1607.68,253,2026-08-24
5819,5819.T,2018,1989.33,1341.79,261,2026-08-24
5819,5819.T,2019,1583.77,1340.98,241,2026-08-24
5819,5819.T,2020,1566.71,1001.04,242,2026-08-24
5819,5819.T,2021,1585.82,1392.41,245,2026-08-24
5819,5819.T,2022,1462.37,1175.98,244,2026-08-24
5819,5819.T,2023,1435.5,1060.92,246,2026-08-24
5819,5819.T,2024,1691.66,1124.71,245,2026-08-24
5819,5819.T,2025,1858.21,1283.48,243,2026-08-24
5819,5819.T,2026,2108.44,1672.62,156,2026-08-24
5900,5900.T,2016,511.05,470.42,87,2026-08-24
5900,5900.T,2017,1118.19,502.11,253,2026-08-24
5900,5900.T,2018,765.08,464.13,261,2026-08-24
5900,5900.T,2019,716.57,506.32,241,2026-08-24
5900,5900.T,2020,817.63,514.87,242,2026-08-24
5900,5900.T,2021,743.1,610.8,245,2026-08-24
5900,5900.T,2022,730.32,591.04,244,2026-08-24
5900,5900.T,2023,915.43,636.86,246,2026-08-24
5900,5900.T,2024,840.88,628.52,245,2026-08-24
5900,5900.T,2025,879.05,681.75,243,2026-08-24
5900,5900.T,2026,878.0,769.0,156,2026-08-24
5921,5921.T,2016,2119.8,1850.02,87,2026-08-24
5921,5921.T,2017,5105.25,1937.45,253,2026-08-24
5921,5921.T,2018,4931.21,1651.17,261,2026-08-24
5921,5921.T,2019,2094.96,1832.24,241,2026-08-24
5921,5921.T,2020,2204.3,1396.36,242,2026-08-24
5921,5921.T,2021,2803.23,2038.4,245,2026-08-24
5921,5921.T,2022,2602.32,2346.08,244,2026-08-24
5921,5921.T,2023,3111.33,2338.89,246,2026-08-24
5921,5921.T,2024,4311.47,2939.22,245,2026-08-24
5921,5921.T,2025,4590.0,3062.24,243,2026-08-24
5921,5921.T,2026,4630.0,3900.0,156,2026-08-24
5928,5928.T,2016,275.77,234.15,87,2026-08-24
5928,5928.T,2017,333.91,272.05,253,2026-08-24
5928,5928.T,2018,358.42,203.12,261,2026-08-24
5928,5928.T,2019,291.14,209.44,241,2026-08-24
5928,5928.T,2020,286.21,167.15,242,2026-08-24
5928,5928.T,2021,284.57,203.89,245,2026-08-24
5928,5928.T,2022,257.2,228.19,244,2026-08-24
5928,5928.T,2023,445.33,239.02,246,2026-08-24
5928,5928.T,2024,346.59,236.04,245,2026-08-24
5928,5928.T,2025,328.59,213.88,243,2026-08-24
5928,5928.T,2026,324.48,262.0,156,2026-08-24
5956,5956.T,2016,419.99,380.56,87,2026-08-24
5956,5956.T,2017,540.58,403.52,253,2026-08-24
5956,5956.T,2018,606.26,380.17,261,2026-08-24
5956,5956.T,2019,482.06,358.53,241,2026-08-24
5956,5956.T,2020,461.28,326.89,242,2026-08-24
5956,5956.T,2021,521.57,437.32,245,2026-08-24
5956,5956.T,2022,488.28,431.51,244,2026-08-24
5956,5956.T,2023,519.01,449.92,246,2026-08-24
5956,5956.T,2024,529.47,468.42,245,2026-08-24
5956,5956.T,2025,575.49,481.56,243,2026-08-24
5956,5956.T,2026,828.31,548.0,156,2026-08-24
5962,5962.T,2016,1388.29,1025.8,87,2026-08-24
5962,5962.T,2017,2017.72,1094.89,253,2026-08-24
5962,5962.T,2018,1801.87,1277.02,261,2026-08-24
5962,5962.T,2019,1522.41,1398.03,241,2026-08-24
5962,5962.T,2020,1598.68,1197.68,242,2026-08-24
5962,5962.T,2021,1714.5,1262.63,245,2026-08-24
5962,5962.T,2022,1440.45,1233.09,244,2026-08-24
5962,5962.T,2023,1409.29,1224.26,246,2026-08-24
5962,5962.T,2024,1609.15,1297.14,245,2026-08-24
5962,5962.T,2025,1835.38,1365.06,243,2026-08-24
5962,5962.T,2026,2100.0,1589.0,156,2026-08-24
5984,5984.T,2016,527.01,446.39,87,2026-08-24
5984,5984.T,2017,740.97,508.4,253,2026-08-24
5984,5984.T,2018,882.8,684.56,261,2026-08-24
5984,5984.T,2019,795.4,596.97,241,2026-08-24
5984,5984.T,2020,624.4,439.66,242,2026-08-24
5984,5984.T,2021,616.45,481.02,245,2026-08-24
5984,5984.T,2022,813.12,548.9,244,2026-08-24
5984,5984.T,2023,717.3,628.21,246,2026-08-24
5984,5984.T,2024,868.71,621.37,245,2026-08-24
5984,5984.T,2025,743.31,602.77,243,2026-08-24
5984,5984.T,2026,918.15,691.55,156,2026-08-24
6049,6049.T,2016,1737.5,1270.5,87,2026-08-24
6049,6049.T,2017,3250.0,1425.0,253,2026-08-24
6049,6049.T,2018,3825.0,2735.0,261,2026-08-24
6049,6049.T,2019,3575.0,1216.0,241,2026-08-24
6049,6049.T,2020,1837.0,871.0,242,2026-08-24
6049,6049.T,2021,1413.0,467.0,245,2026-08-24
6049,6049.T,2022,556.0,252.0,244,2026-08-24
6049,6049.T,2023,404.0,259.0,246,2026-08-24
6049,6049.T,2024,340.0,191.0,245,2026-08-24
6049,6049.T,2025,322.0,217.0,243,2026-08-24
6049,6049.T,2026,283.0,239.0,156,2026-08-24
6054,6054.T,2016,512.0,416.0,87,2026-08-24
6054,6054.T,2017,728.0,436.0,253,2026-08-24
6054,6054.T,2018,634.0,223.0,261,2026-08-24
6054,6054.T,2019,390.0,222.0,241,2026-08-24
6054,6054.T,2020,340.0,177.0,242,2026-08-24
6054,6054.T,2021,256.0,173.0,245,2026-08-24
6054,6054.T,2022,400.0,151.0,244,2026-08-24
6054,6054.T,2023,361.0,227.0,246,2026-08-24
6054,6054.T,2024,262.0,137.0,245,2026-08-24
6054,6054.T,2025,176.0,113.0,243,2026-08-24
6054,6054.T,2026,174.0,103.0,156,2026-08-24
6150,6150.T,2016,2807.46,1371.46,87,2026-08-24
6150,6150.T,2017,3767.68,1823.24,253,2026-08-24
6150,6150.T,2018,3578.89,1653.81,261,2026-08-24
6150,6150.T,2019,2640.75,1809.25,241,2026-08-24
6150,6150.T,2020,2496.7,1426.2,242,2026-08-24
6150,6150.T,2021,2320.92,1792.91,245,2026-08-24
6150,6150.T,2022,2671.43,1792.91,244,2026-08-24
6150,6150.T,2023,2694.3,2117.15,246,2026-08-24
6150,6150.T,2024,4086.68,2418.41,245,2026-08-24
6150,6150.T,2025,3498.33,2509.67,243,2026-08-24
6150,6150.T,2026,3381.17,2666.0,156,2026-08-24
6155,6155.T,2016,664.91,447.98,87,2026-08-24
6155,6155.T,2017,1048.66,584.12,253,2026-08-24
6155,6155.T,2018,1334.0,609.9,261,2026-08-24
6155,6155.T,2019,884.02,599.8,241,2026-08-24
6155,6155.T,2020,776.69,415.16,242,2026-08-24
6155,6155.T,2021,766.12,568.33,245,2026-08-24
6155,6155.T,2022,689.46,468.25,244,2026-08-24
6155,6155.T,2023,573.55,465.07,246,2026-08-24
6155,6155.T,2024,565.34,408.86,245,2026-08-24
6155,6155.T,2025,543.2,411.28,243,2026-08-24
6155,6155.T,2026,556.0,450.0,156,2026-08-24
6158,6158.T,2016,395.01,293.96,87,2026-08-24
6158,6158.T,2017,711.23,345.54,253,2026-08-24
6158,6158.T,2018,1913.83,633.64,261,2026-08-24
6158,6158.T,2019,1322.83,762.81,241,2026-08-24
6158,6158.T,2020,1393.87,638.06,242,2026-08-24
6158,6158.T,2021,1350.73,846.88,245,2026-08-24
6158,6158.T,2022,935.63,744.85,244,2026-08-24
6158,6158.T,2023,1008.38,822.45,246,2026-08-24
6158,6158.T,2024,1069.0,744.58,245,2026-08-24
6158,6158.T,2025,966.63,766.58,243,2026-08-24
6158,6158.T,2026,1322.24,854.64,156,2026-08-24
6222,6222.T,2016,3604.01,1833.47,87,2026-08-24
6222,6222.T,2017,7045.52,3247.22,253,2026-08-24
6222,6222.T,2018,7474.45,2602.7,261,2026-08-24
6222,6222.T,2019,3801.18,2189.06,241,2026-08-24
6222,6222.T,2020,2372.51,1164.21,242,2026-08-24
6222,6222.T,2021,2580.94,1555.41,245,2026-08-24
6222,6222.T,2022,2295.36,1554.26,244,2026-08-24
6222,6222.T,2023,1945.39,1378.14,246,2026-08-24
6222,6222.T,2024,1721.84,952.18,245,2026-08-24
6222,6222.T,2025,1136.43,699.49,243,2026-08-24
6222,6222.T,2026,1068.77,848.29,156,2026-08-24
6249,6249.T,2016,983.06,872.4,87,2026-08-24
6249,6249.T,2017,1140.41,914.85,253,2026-08-24
6249,6249.T,2018,1379.63,1034.23,261,2026-08-24
6249,6249.T,2019,1163.45,1026.76,241,2026-08-24
6249,6249.T,2020,1091.26,809.99,242,2026-08-24
6249,6249.T,2021,1107.13,869.38,245,2026-08-24
6249,6249.T,2022,2198.46,880.74,244,2026-08-24
6249,6249.T,2023,4940.96,1680.46,246,2026-08-24
6249,6249.T,2024,2631.53,1481.0,245,2026-08-24
6249,6249.T,2025,3070.69,1882.97,243,2026-08-24
6249,6249.T,2026,3103.99,2231.0,156,2026-08-24
6257,6257.T,2016,823.35,590.8,87,2026-08-24
6257,6257.T,2017,848.29,674.38,253,2026-08-24
6257,6257.T,2018,1038.04,583.3,261,2026-08-24
6257,6257.T,2019,719.69,630.43,241,2026-08-24
6257,6257.T,2020,736.23,434.46,242,2026-08-24
6257,6257.T,2021,763.61,613.28,245,2026-08-24
6257,6257.T,2022,1087.61,686.35,244,2026-08-24
6257,6257.T,2023,1510.55,968.77,246,2026-08-24
6257,6257.T,2024,1352.59,971.63,245,2026-08-24
6257,6257.T,2025,1326.58,925.11,243,2026-08-24
6257,6257.T,2026,1076.67,951.0,156,2026-08-24
6262,6262.T,2016,551.08,368.97,87,2026-08-24
6262,6262.T,2017,755.75,505.6,253,2026-08-24
6262,6262.T,2018,915.71,509.33,261,2026-08-24
6262,6262.T,2019,610.71,380.82,241,2026-08-24
6262,6262.T,2020,429.32,213.5,242,2026-08-24
6262,6262.T,2021,482.14,264.54,245,2026-08-24
6262,6262.T,2022,925.16,401.62,244,2026-08-24
6262,6262.T,2023,763.82,384.86,246,2026-08-24
6262,6262.T,2024,571.21,400.78,245,2026-08-24
6262,6262.T,2025,979.0,379.17,243,2026-08-24
6262,6262.T,2026,1033.0,500.0,156,2026-08-24
6292,6292.T,2016,384.65,326.15,87,2026-08-24
6292,6292.T,2017,1116.5,366.37,253,2026-08-24
6292,6292.T,2018,1897.38,849.07,261,2026-08-24
6292,6292.T,2019,1267.31,665.13,241,2026-08-24
6292,6292.T,2020,906.91,447.21,242,2026-08-24
6292,6292.T,2021,1178.2,668.21,245,2026-08-24
6292,6292.T,2022,1060.38,689.73,244,2026-08-24
6292,6292.T,2023,1123.11,688.87,246,2026-08-24
6292,6292.T,2024,1038.59,689.44,245,2026-08-24
6292,6292.T,2025,888.5,659.57,243,2026-08-24
6292,6292.T,2026,866.0,759.61,156,2026-08-24
6335,6335.T,2016,794.7,402.02,87,2026-08-24
6335,6335.T,2017,804.05,523.57,253,2026-08-24
6335,6335.T,2018,578.73,315.07,261,2026-08-24
6335,6335.T,2019,535.01,335.58,241,2026-08-24
6335,6335.T,2020,361.47,158.2,242,2026-08-24
6335,6335.T,2021,3720.0,256.0,245,2026-08-24
6335,6335.T,2022,1170.0,512.0,244,2026-08-24
6335,6335.T,2023,639.0,344.0,246,2026-08-24
6335,6335.T,2024,507.0,304.0,245,2026-08-24
6335,6335.T,2025,889.0,338.0,243,2026-08-24
6335,6335.T,2026,800.0,464.0,156,2026-08-24
6346,6346.T,2016,2524.09,1560.18,87,2026-08-24
6346,6346.T,2017,2588.39,2094.46,253,2026-08-24
6346,6346.T,2018,5104.58,2308.36,261,2026-08-24
6346,6346.T,2019,8115.17,2706.42,241,2026-08-24
6346,6346.T,2020,3416.68,2275.89,242,2026-08-24
6346,6346.T,2021,4131.22,2834.01,245,2026-08-24
6346,6346.T,2022,3749.13,3157.84,244,2026-08-24
6346,6346.T,2023,4150.47,3112.99,246,2026-08-24
6346,6346.T,2024,5231.69,3881.8,245,2026-08-24
6346,6346.T,2025,7050.46,4865.57,243,2026-08-24
6346,6346.T,2026,6597.15,5500.0,156,2026-08-24
6390,6390.T,2016,2347.47,1383.46,87,2026-08-24
6390,6390.T,2017,2912.56,1924.42,253,2026-08-24
6390,6390.T,2018,2928.6,1784.32,261,2026-08-24
6390,6390.T,2019,2262.56,1190.99,241,2026-08-24
6390,6390.T,2020,1368.98,728.51,242,2026-08-24
6390,6390.T,2021,999.48,625.75,245,2026-08-24
6390,6390.T,2022,735.4,581.85,244,2026-08-24
6390,6390.T,2023,1170.74,576.01,246,2026-08-24
6390,6390.T,2024,1410.14,769.08,245,2026-08-24
6390,6390.T,2025,1412.99,945.3,243,2026-08-24
6390,6390.T,2026,1741.09,1172.0,156,2026-08-24
6467,6467.T,2016,418.05,351.19,87,2026-08-24
6467,6467.T,2017,563.83,397.99,253,2026-08-24
6467,6467.T,2018,3384.67,530.86,261,2026-08-24
6467,6467.T,2019,781.92,529.52,241,2026-08-24
6467,6467.T,2020,806.13,340.18,242,2026-08-24
6467,6467.T,2021,482.31,390.52,245,2026-08-24
6467,6467.T,2022,412.95,306.41,244,2026-08-24
6467,6467.T,2023,392.05,318.78,246,2026-08-24
6467,6467.T,2024,511.58,298.34,245,2026-08-24
6467,6467.T,2025,390.29,308.53,243,2026-08-24
6467,6467.T,2026,365.85,312.0,156,2026-08-24
6654,6654.T,2016,1090.39,982.11,87,2026-08-24
6654,6654.T,2017,1135.25,987.11,253,2026-08-24
6654,6654.T,2018,1183.05,892.16,261,2026-08-24
6654,6654.T,2019,1088.01,960.25,241,2026-08-24
6654,6654.T,2020,1181.87,696.1,242,2026-08-24
6654,6654.T,2021,1125.69,970.19,245,2026-08-24
6654,6654.T,2022,1088.32,922.51,244,2026-08-24
6654,6654.T,2023,1143.65,966.59,246,2026-08-24
6654,6654.T,2024,1098.9,911.79,245,2026-08-24
6654,6654.T,2025,1102.69,898.76,243,2026-08-24
6654,6654.T,2026,1129.44,1024.97,156,2026-08-24
6664,6664.T,2016,569.0,488.5,87,2026-08-24
6664,6664.T,2017,1066.0,528.0,253,2026-08-24
6664,6664.T,2018,1570.0,515.0,261,2026-08-24
6664,6664.T,2019,1188.0,563.0,241,2026-08-24
6664,6664.T,2020,667.0,290.0,242,2026-08-24
6664,6664.T,2021,860.0,443.0,245,2026-08-24
6664,6664.T,2022,544.0,310.0,244,2026-08-24
6664,6664.T,2023,447.0,310.0,246,2026-08-24
6664,6664.T,2024,409.0,210.0,245,2026-08-24
6664,6664.T,2025,451.0,193.0,243,2026-08-24
6664,6664.T,2026,368.0,229.0,156,2026-08-24
6694,6694.T,2017,1314.64,527.71,194,2026-08-24
6694,6694.T,2018,1221.02,444.69,261,2026-08-24
6694,6694.T,2019,852.06,458.86,241,2026-08-24
6694,6694.T,2020,920.78,314.27,242,2026-08-24
6694,6694.T,2021,2000.98,649.91,245,2026-08-24
6694,6694.T,2022,1588.64,746.26,244,2026-08-24
6694,6694.T,2023,1224.29,846.11,246,2026-08-24
6694,6694.T,2024,1008.79,616.18,245,2026-08-24
6694,6694.T,2025,691.22,551.26,243,2026-08-24
6694,6694.T,2026,766.0,618.0,156,2026-08-24
6771,6771.T,2016,1352.05,965.75,87,2026-08-24
6771,6771.T,2017,1531.34,1077.61,253,2026-08-24
6771,6771.T,2018,1515.13,852.57,261,2026-08-24
6771,6771.T,2019,1061.37,833.83,241,2026-08-24
6771,6771.T,2020,1100.65,566.15,242,2026-08-24
6771,6771.T,2021,862.58,584.56,245,2026-08-24
6771,6771.T,2022,614.24,472.26,244,2026-08-24
6771,6771.T,2023,868.66,475.0,246,2026-08-24
6771,6771.T,2024,886.3,589.32,245,2026-08-24
6771,6771.T,2025,671.03,499.63,243,2026-08-24
6771,6771.T,2026,874.0,591.72,156,2026-08-24
6797,6797.T,2024,996.32,812.09,144,2026-08-24
6797,6797.T,2025,1319.34,881.17,243,2026-08-24
6797,6797.T,2026,1271.19,1023.69,156,2026-08-24
6867,6867.T,2016,237.09,173.08,87,2026-08-24
6867,6867.T,2017,705.78,212.22,253,2026-08-24
6867,6867.T,2018,1109.31,318.83,261,2026-08-24
6867,6867.T,2019,1367.0,395.28,241,2026-08-24
6867,6867.T,2020,1453.23,499.4,242,2026-08-24
6867,6867.T,2021,690.35,508.6,245,2026-08-24
6867,6867.T,2022,560.33,380.24,244,2026-08-24
6867,6867.T,2023,629.98,394.55,246,2026-08-24
6867,6867.T,2024,715.8,392.15,245,2026-08-24
6867,6867.T,2025,815.03,321.57,243,2026-08-24
6867,6867.T,2026,493.46,385.0,156,2026-08-24
6882,6882.T,2016,394.67,338.4,87,2026-08-24
6882,6882.T,2017,1208.69,365.5,253,2026-08-24
6882,6882.T,2018,1508.16,566.19,261,2026-08-24
6882,6882.T,2019,821.76,524.14,241,2026-08-24
6882,6882.T,2020,797.01,343.38,242,2026-08-24
6882,6882.T,2021,1023.82,638.93,245,2026-08-24
6882,6882.T,2022,966.42,580.33,244,2026-08-24
6882,6882.T,2023,1395.51,735.49,246,2026-08-24
6882,6882.T,2024,1742.5,771.22,245,2026-08-24
6882,6882.T,2025,907.98,674.61,243,2026-08-24
6882,6882.T,2026,1554.0,900.22,156,2026-08-24
6899,6899.T,2016,1706.78,840.76,87,2026-08-24
6899,6899.T,2017,4051.53,1461.41,253,2026-08-24
6899,6899.T,2018,3788.73,1166.3,261,2026-08-24
6899,6899.T,2019,1632.56,1202.41,241,2026-08-24
6899,6899.T,2020,1602.44,796.2,242,2026-08-24
6899,6899.T,2021,2808.73,1131.97,245,2026-08-24
6899,6899.T,2022,2419.69,1269.96,244,2026-08-24
6899,6899.T,2023,3471.24,2134.77,246,2026-08-24
6899,6899.T,2024,3255.94,1654.43,245,2026-08-24
6899,6899.T,2025,2391.0,1536.59,243,2026-08-24
6899,6899.T,2026,2708.38,2100.0,156,2026-08-24
6943,6943.T,2016,3887.45,3650.61,87,2026-08-24
6943,6943.T,2017,5355.88,3797.62,253,2026-08-24
6943,6943.T,2018,5696.68,4628.84,261,2026-08-24
6943,6943.T,2019,4628.84,3204.32,241,2026-08-24
6943,6943.T,2020,4174.76,2472.45,242,2026-08-24
6943,6943.T,2021,6027.76,3210.39,245,2026-08-24
6943,6943.T,2022,5604.91,3522.18,244,2026-08-24
6943,6943.T,2023,6471.73,4496.35,246,2026-08-24
6943,6943.T,2024,6089.2,3924.16,245,2026-08-24
6943,6943.T,2025,4676.81,3925.79,243,2026-08-24
6943,6943.T,2026,5600.0,4456.27,156,2026-08-24
6964,6964.T,2016,358.65,221.29,87,2026-08-24
6964,6964.T,2017,525.88,323.55,253,2026-08-24
6964,6964.T,2018,563.0,299.54,261,2026-08-24
6964,6964.T,2019,490.6,317.62,241,2026-08-24
6964,6964.T,2020,468.74,255.01,242,2026-08-24
6964,6964.T,2021,485.74,368.84,245,2026-08-24
6964,6964.T,2022,430.19,379.13,244,2026-08-24
6964,6964.T,2023,519.88,385.23,246,2026-08-24
6964,6964.T,2024,597.88,450.52,245,2026-08-24
6964,6964.T,2025,609.8,491.82,243,2026-08-24
6964,6964.T,2026,737.0,596.2,156,2026-08-24
6986,6986.T,2016,1492.42,1122.66,87,2026-08-24
6986,6986.T,2017,2052.09,1394.75,253,2026-08-24
6986,6986.T,2018,1914.66,1168.33,261,2026-08-24
6986,6986.T,2019,1530.82,1021.66,241,2026-08-24
6986,6986.T,2020,1170.79,702.98,242,2026-08-24
6986,6986.T,2021,918.92,604.96,245,2026-08-24
6986,6986.T,2022,650.54,476.48,244,2026-08-24
6986,6986.T,2023,556.13,446.41,246,2026-08-24
6986,6986.T,2024,637.49,407.15,245,2026-08-24
6986,6986.T,2025,750.16,414.49,243,2026-08-24
6986,6986.T,2026,828.0,527.0,156,2026-08-24
7034,7034.T,2018,3865.0,1547.5,112,2026-08-24
7034,7034.T,2019,4915.0,1727.5,241,2026-08-24
7034,7034.T,2020,6280.0,2390.0,242,2026-08-24
7034,7034.T,2021,3940.0,964.0,245,2026-08-24
7034,7034.T,2022,1033.0,423.0,244,2026-08-24
7034,7034.T,2023,567.0,327.0,246,2026-08-24
7034,7034.T,2024,760.0,337.0,245,2026-08-24
7034,7034.T,2025,805.0,281.0,243,2026-08-24
7034,7034.T,2026,621.0,320.0,156,2026-08-24
7219,7219.T,2016,2043.15,1754.2,87,2026-08-24
7219,7219.T,2017,1859.78,1586.16,253,2026-08-24
7219,7219.T,2018,1832.76,1242.38,261,2026-08-24
7219,7219.T,2019,1806.71,1301.54,241,2026-08-24
7219,7219.T,2020,2286.81,890.88,242,2026-08-24
7219,7219.T,2021,2365.66,1447.43,245,2026-08-24
7219,7219.T,2022,1969.21,1558.87,244,2026-08-24
7219,7219.T,2023,2746.46,1648.79,246,2026-08-24
7219,7219.T,2024,2318.82,1814.53,245,2026-08-24
7219,7219.T,2025,2330.0,1793.74,243,2026-08-24
7219,7219.T,2026,2747.0,2155.0,156,2026-08-24
7264,7264.T,2016,1058.07,858.73,87,2026-08-24
7264,7264.T,2017,1692.62,986.51,253,2026-08-24
7264,7264.T,2018,1518.6,1034.04,261,2026-08-24
7264,7264.T,2019,1554.89,1049.17,241,2026-08-24
7264,7264.T,2020,1117.57,700.39,242,2026-08-24
7264,7264.T,2021,1161.48,881.21,245,2026-08-24
7264,7264.T,2022,1079.28,914.47,244,2026-08-24
7264,7264.T,2023,1369.57,919.43,246,2026-08-24
7264,7264.T,2024,1495.5,1090.12,245,2026-08-24
7264,7264.T,2025,1351.79,968.19,243,2026-08-24
7264,7264.T,2026,1435.61,1228.0,156,2026-08-24
7266,7266.T,2016,837.8,637.52,87,2026-08-24
7266,7266.T,2017,1206.18,716.46,253,2026-08-24
7266,7266.T,2018,1119.74,725.77,261,2026-08-24
7266,7266.T,2019,907.7,668.04,241,2026-08-24
7266,7266.T,2020,829.72,463.32,242,2026-08-24
7266,7266.T,2021,730.45,484.12,245,2026-08-24
7266,7266.T,2022,629.4,487.3,244,2026-08-24
7266,7266.T,2023,786.97,521.82,246,2026-08-24
7266,7266.T,2024,722.38,459.46,245,2026-08-24
7266,7266.T,2025,931.99,500.46,243,2026-08-24
7266,7266.T,2026,1061.76,815.0,156,2026-08-24
7297,7297.T,2016,429.92,369.17,87,2026-08-24
7297,7297.T,2017,1565.08,412.63,253,2026-08-24
7297,7297.T,2018,1318.21,500.89,261,2026-08-24
7297,7297.T,2019,877.87,511.89,241,2026-08-24
7297,7297.T,2020,975.23,606.09,242,2026-08-24
7297,7297.T,2021,1168.93,692.26,245,2026-08-24
7297,7297.T,2022,883.48,728.42,244,2026-08-24
7297,7297.T,2023,1223.35,746.84,246,2026-08-24
7297,7297.T,2024,910.61,746.95,245,2026-08-24
7297,7297.T,2025,886.39,783.4,243,2026-08-24
7297,7297.T,2026,969.03,833.0,156,2026-08-24
7347,7347.T,2021,685.4,458.94,124,2026-08-24
7347,7347.T,2022,610.99,345.07,244,2026-08-24
7347,7347.T,2023,806.42,510.92,246,2026-08-24
7347,7347.T,2024,1070.07,595.22,245,2026-08-24
7347,7347.T,2025,869.1,644.03,243,2026-08-24
7347,7347.T,2026,862.0,691.0,156,2026-08-24
7399,7399.T,2016,361.38,290.28,87,2026-08-24
7399,7399.T,2017,526.55,343.06,253,2026-08-24
7399,7399.T,2018,537.83,306.74,261,2026-08-24
7399,7399.T,2019,503.49,372.53,241,2026-08-24
7399,7399.T,2020,492.96,310.98,242,2026-08-24
7399,7399.T,2021,570.36,425.33,245,2026-08-24
7399,7399.T,2022,465.39,378.19,244,2026-08-24
7399,7399.T,2023,529.08,398.05,246,2026-08-24
7399,7399.T,2024,703.84,471.71,245,2026-08-24
7399,7399.T,2025,587.87,473.77,243,2026-08-24
7399,7399.T,2026,629.46,551.0,156,2026-08-24
7422,7422.T,2016,376.5,334.09,87,2026-08-24
7422,7422.T,2017,389.44,344.13,253,2026-08-24
7422,7422.T,2018,374.82,253.54,261,2026-08-24
7422,7422.T,2019,316.92,259.5,241,2026-08-24
7422,7422.T,2020,276.79,188.35,242,2026-08-24
7422,7422.T,2021,292.3,209.45,245,2026-08-24
7422,7422.T,2022,292.48,227.72,244,2026-08-24
7422,7422.T,2023,412.23,234.14,246,2026-08-24
7422,7422.T,2024,567.47,297.99,245,2026-08-24
7422,7422.T,2025,930.83,329.39,243,2026-08-24
7422,7422.T,2026,500.92,351.0,156,2026-08-24
7427,7427.T,2016,502.32,432.65,87,2026-08-24
7427,7427.T,2017,549.58,478.3,253,2026-08-24
7427,7427.T,2018,622.16,392.01,261,2026-08-24
7427,7427.T,2019,474.46,407.37,241,2026-08-24
7427,7427.T,2020,619.37,288.18,242,2026-08-24
7427,7427.T,2021,595.13,497.97,245,2026-08-24
7427,7427.T,2022,612.81,453.1,244,2026-08-24
7427,7427.T,2023,1533.58,581.4,246,2026-08-24
7427,7427.T,2024,1397.18,700.19,245,2026-08-24
7427,7427.T,2025,942.84,687.48,243,2026-08-24
7427,7427.T,2026,933.98,811.0,156,2026-08-24
7442,7442.T,2016,590.43,523.55,87,2026-08-24
7442,7442.T,2017,636.77,566.27,253,2026-08-24
7442,7442.T,2018,602.64,339.03,261,2026-08-24
7442,7442.T,2019,457.65,374.39,241,2026-08-24
7442,7442.T,2020,512.57,296.22,242,2026-08-24
7442,7442.T,2021,495.57,291.35,245,2026-08-24
7442,7442.T,2022,361.58,271.4,244,2026-08-24
7442,7442.T,2023,346.54,285.73,246,2026-08-24
7442,7442.T,2024,359.62,310.41,245,2026-08-24
7442,7442.T,2025,435.1,326.5,243,2026-08-24
7442,7442.T,2026,498.0,434.12,156,2026-08-24
7464,7464.T,2016,681.58,586.87,87,2026-08-24
7464,7464.T,2017,1236.76,662.97,253,2026-08-24
7464,7464.T,2018,1638.76,1139.58,261,2026-08-24
7464,7464.T,2019,1687.04,1310.28,241,2026-08-24
7464,7464.T,2020,1836.62,1196.64,242,2026-08-24
7464,7464.T,2021,1907.76,1633.0,245,2026-08-24
7464,7464.T,2022,1936.76,1574.91,244,2026-08-24
7464,7464.T,2023,2022.95,1625.85,246,2026-08-24
7464,7464.T,2024,1994.06,1477.83,245,2026-08-24
7464,7464.T,2025,1784.41,1536.79,243,2026-08-24
7464,7464.T,2026,1695.77,1515.0,156,2026-08-24
7521,7521.T,2016,1282.36,1137.41,87,2026-08-24
7521,7521.T,2017,1857.0,1246.42,253,2026-08-24
7521,7521.T,2018,2090.53,1525.76,261,2026-08-24
7521,7521.T,2019,2342.5,1535.36,241,2026-08-24
7521,7521.T,2020,2203.09,1217.77,242,2026-08-24
7521,7521.T,2021,2009.02,1526.7,245,2026-08-24
7521,7521.T,2022,1670.62,1253.17,244,2026-08-24
7521,7521.T,2023,1763.86,1306.1,246,2026-08-24
7521,7521.T,2024,1828.92,1500.73,245,2026-08-24
7521,7521.T,2025,2357.11,1418.36,243,2026-08-24
7521,7521.T,2026,3030.0,2287.35,156,2026-08-24
7531,7531.T,2016,3286.47,2729.07,87,2026-08-24
7531,7531.T,2017,7017.18,2839.22,253,2026-08-24
7531,7531.T,2018,7705.21,3820.92,261,2026-08-24
7531,7531.T,2019,3889.36,3225.1,241,2026-08-24
7531,7531.T,2020,3672.62,2201.72,242,2026-08-24
7531,7531.T,2021,3760.81,1896.67,245,2026-08-24
7531,7531.T,2022,2068.06,1366.06,244,2026-08-24
7531,7531.T,2023,1732.25,1336.22,246,2026-08-24
7531,7531.T,2024,1551.3,1221.46,245,2026-08-24
7531,7531.T,2025,1929.02,1252.48,243,2026-08-24
7531,7531.T,2026,1590.0,1252.0,155,2026-08-24
7537,7537.T,2016,457.91,346.51,87,2026-08-24
7537,7537.T,2017,775.03,433.98,253,2026-08-24
7537,7537.T,2018,841.84,421.51,261,2026-08-24
7537,7537.T,2019,515.33,367.44,241,2026-08-24
7537,7537.T,2020,492.25,293.63,242,2026-08-24
7537,7537.T,2021,753.32,377.74,245,2026-08-24
7537,7537.T,2022,838.79,494.88,244,2026-08-24
7537,7537.T,2023,1439.93,737.77,246,2026-08-24
7537,7537.T,2024,1609.85,781.64,245,2026-08-24
7537,7537.T,2025,1296.47,729.85,243,2026-08-24
7537,7537.T,2026,1924.0,1063.59,156,2026-08-24
7602,7602.T,2016,293.39,241.45,87,2026-08-24
7602,7602.T,2017,299.77,215.29,253,2026-08-24
7602,7602.T,2018,292.9,141.76,261,2026-08-24
7602,7602.T,2019,449.81,154.91,241,2026-08-24
7602,7602.T,2020,502.45,190.45,242,2026-08-24
7602,7602.T,2021,351.24,215.84,245,2026-08-24
7602,7602.T,2022,256.38,183.13,244,2026-08-24
7602,7602.T,2023,261.33,173.23,246,2026-08-24
7602,7602.T,2024,194.08,132.37,245,2026-08-24
7602,7602.T,2025,215.98,116.45,243,2026-08-24
7602,7602.T,2026,386.17,139.0,156,2026-08-24
7624,7624.T,2016,128.59,100.29,87,2026-08-24
7624,7624.T,2017,276.97,109.63,253,2026-08-24
7624,7624.T,2018,358.58,130.48,261,2026-08-24
7624,7624.T,2019,217.59,146.27,241,2026-08-24
7624,7624.T,2020,179.49,95.9,242,2026-08-24
7624,7624.T,2021,178.42,133.91,245,2026-08-24
7624,7624.T,2022,164.71,135.33,244,2026-08-24
7624,7624.T,2023,145.12,127.12,246,2026-08-24
7624,7624.T,2024,160.11,105.49,245,2026-08-24
7624,7624.T,2025,142.92,108.89,243,2026-08-24
7624,7624.T,2026,155.0,129.31,156,2026-08-24
7841,7841.T,2016,593.04,331.88,87,2026-08-24
7841,7841.T,2017,691.75,469.69,253,2026-08-24
7841,7841.T,2018,675.12,377.13,261,2026-08-24
7841,7841.T,2019,525.13,411.41,241,2026-08-24
7841,7841.T,2020,521.23,310.34,242,2026-08-24
7841,7841.T,2021,724.65,432.15,245,2026-08-24
7841,7841.T,2022,774.86,485.52,244,2026-08-24
7841,7841.T,2023,1043.36,642.35,246,2026-08-24
7841,7841.T,2024,1382.0,756.63,245,2026-08-24
7841,7841.T,2025,1387.48,968.82,243,2026-08-24
7841,7841.T,2026,1346.0,1040.0,156,2026-08-24
7859,7859.T,2016,144.67,124.68,87,2026-08-24
7859,7859.T,2017,396.0,125.87,253,2026-08-24
7859,7859.T,2018,296.5,138.43,261,2026-08-24
7859,7859.T,2019,241.52,141.38,241,2026-08-24
7859,7859.T,2020,312.21,101.12,242,2026-08-24
7859,7859.T,2021,306.32,141.38,245,2026-08-24
7859,7859.T,2022,812.91,143.34,244,2026-08-24
7859,7859.T,2023,1040.69,327.91,246,2026-08-24
7859,7859.T,2024,1446.16,254.28,245,2026-08-24
7859,7859.T,2025,343.62,149.23,243,2026-08-24
7859,7859.T,2026,369.0,155.12,156,2026-08-24
7865,7865.T,2016,1695.22,1058.99,87,2026-08-24
7865,7865.T,2017,1719.64,1183.32,253,2026-08-24
7865,7865.T,2018,1486.22,939.17,261,2026-08-24
7865,7865.T,2019,1152.79,757.89,241,2026-08-24
7865,7865.T,2020,1082.14,483.27,242,2026-08-24
7865,7865.T,2021,1079.92,831.53,245,2026-08-24
7865,7865.T,2022,1732.94,845.11,244,2026-08-24
7865,7865.T,2023,1253.13,908.55,246,2026-08-24
7865,7865.T,2024,1127.0,490.0,245,2026-08-24
7865,7865.T,2025,679.0,403.0,243,2026-08-24
7865,7865.T,2026,438.0,328.0,156,2026-08-24
7877,7877.T,2016,894.66,828.78,87,2026-08-24
7877,7877.T,2017,6816.57,887.73,253,2026-08-24
7877,7877.T,2018,1506.82,1115.17,261,2026-08-24
7877,7877.T,2019,1303.57,1183.12,241,2026-08-24
7877,7877.T,2020,1361.91,1011.31,242,2026-08-24
7877,7877.T,2021,1421.45,1233.64,245,2026-08-24
7877,7877.T,2022,1480.51,1205.25,244,2026-08-24
7877,7877.T,2023,1465.8,1248.76,246,2026-08-24
7877,7877.T,2024,1474.61,1300.03,245,2026-08-24
7877,7877.T,2025,1835.19,1362.25,243,2026-08-24
7877,7877.T,2026,2307.5,1699.96,155,2026-08-24
7885,7885.T,2016,702.09,515.03,87,2026-08-24
7885,7885.T,2017,1139.42,707.03,253,2026-08-24
7885,7885.T,2018,996.57,623.52,261,2026-08-24
7885,7885.T,2019,760.95,613.62,241,2026-08-24
7885,7885.T,2020,717.34,418.3,242,2026-08-24
7885,7885.T,2021,755.54,519.04,245,2026-08-24
7885,7885.T,2022,804.42,568.67,244,2026-08-24
7885,7885.T,2023,899.21,596.0,246,2026-08-24
7885,7885.T,2024,1084.41,653.51,245,2026-08-24
7885,7885.T,2025,825.83,646.13,243,2026-08-24
7885,7885.T,2026,1715.49,773.79,156,2026-08-24
7902,7902.T,2016,635.31,493.74,87,2026-08-24
7902,7902.T,2017,1158.37,566.29,253,2026-08-24
7902,7902.T,2018,1320.92,660.83,261,2026-08-24
7902,7902.T,2019,824.32,675.52,241,2026-08-24
7902,7902.T,2020,976.77,542.24,242,2026-08-24
7902,7902.T,2021,970.19,743.86,245,2026-08-24
7902,7902.T,2022,807.45,722.81,244,2026-08-24
7902,7902.T,2023,822.03,760.85,246,2026-08-24
7902,7902.T,2024,925.99,658.47,245,2026-08-24
7902,7902.T,2025,937.2,742.44,243,2026-08-24
7902,7902.T,2026,1414.0,914.46,156,2026-08-24
7908,7908.T,2016,252.12,145.51,87,2026-08-24
7908,7908.T,2017,283.23,167.68,253,2026-08-24
7908,7908.T,2018,377.64,122.59,261,2026-08-24
7908,7908.T,2019,172.66,120.64,241,2026-08-24
7908,7908.T,2020,180.16,87.16,242,2026-08-24
7908,7908.T,2021,276.64,144.13,245,2026-08-24
7908,7908.T,2022,266.07,170.97,244,2026-08-24
7908,7908.T,2023,212.57,163.46,246,2026-08-24
7908,7908.T,2024,326.49,163.54,245,2026-08-24
7908,7908.T,2025,309.25,206.44,243,2026-08-24
7908,7908.T,2026,296.56,219.0,156,2026-08-24
7937,7937.T,2016,1615.09,1269.7,87,2026-08-24
7937,7937.T,2017,1857.01,1481.06,253,2026-08-24
7937,7937.T,2018,1905.9,1430.54,261,2026-08-24
7937,7937.T,2019,1956.83,1493.87,241,2026-08-24
7937,7937.T,2020,2169.74,1249.13,242,2026-08-24
7937,7937.T,2021,2154.12,1566.75,245,2026-08-24
7937,7937.T,2022,2001.13,1539.08,244,2026-08-24
7937,7937.T,2023,2301.09,1627.07,246,2026-08-24
7937,7937.T,2024,2149.15,1740.28,245,2026-08-24
7937,7937.T,2025,2813.9,1902.32,243,2026-08-24
7937,7937.T,2026,3375.7,2489.0,156,2026-08-24
7946,7946.T,2016,1529.73,1171.5,87,2026-08-24
7946,7946.T,2017,2352.69,1442.59,253,2026-08-24
7946,7946.T,2018,1882.15,1048.54,261,2026-08-24
7946,7946.T,2019,1976.91,676.44,241,2026-08-24
7946,7946.T,2020,1260.68,582.3,242,2026-08-24
7946,7946.T,2021,3115.04,661.95,245,2026-08-24
7946,7946.T,2022,3309.73,1023.09,244,2026-08-24
7946,7946.T,2023,2015.04,1315.13,246,2026-08-24
7946,7946.T,2024,2215.57,1272.74,245,2026-08-24
7946,7946.T,2025,4155.17,1254.91,243,2026-08-24
7946,7946.T,2026,4661.65,312.0,156,2026-08-24
7985,7985.T,2026,780.0,777.0,2,2026-08-24
8013,8013.T,2016,720.0,460.0,87,2026-08-24
8013,8013.T,2017,700.0,500.0,253,2026-08-24
8013,8013.T,2018,650.0,463.0,261,2026-08-24
8013,8013.T,2019,555.0,335.0,241,2026-08-24
8013,8013.T,2020,475.0,310.0,242,2026-08-24
8013,8013.T,2021,410.0,290.0,245,2026-08-24
8013,8013.T,2022,324.0,251.0,244,2026-08-24
8013,8013.T,2023,335.0,256.0,246,2026-08-24
8013,8013.T,2024,345.0,218.0,245,2026-08-24
8013,8013.T,2025,450.0,214.0,243,2026-08-24
8013,8013.T,2026,394.0,279.0,156,2026-08-24
8040,8040.T,2016,725.16,614.42,87,2026-08-24
8040,8040.T,2017,1015.85,660.3,253,2026-08-24
8040,8040.T,2018,886.2,594.81,261,2026-08-24
8040,8040.T,2019,758.02,611.06,241,2026-08-24
8040,8040.T,2020,693.69,313.84,242,2026-08-24
8040,8040.T,2021,1526.56,312.99,245,2026-08-24
8040,8040.T,2022,1031.07,617.45,244,2026-08-24
8040,8040.T,2023,912.88,676.56,246,2026-08-24
8040,8040.T,2024,820.97,636.82,245,2026-08-24
8040,8040.T,2025,1250.55,695.82,243,2026-08-24
8040,8040.T,2026,1109.0,1006.0,156,2026-08-24
8046,8046.T,2016,352.83,294.47,87,2026-08-24
8046,8046.T,2017,517.46,332.4,253,2026-08-24
8046,8046.T,2018,494.41,286.03,261,2026-08-24
8046,8046.T,2019,356.27,301.64,241,2026-08-24
8046,8046.T,2020,346.57,240.45,242,2026-08-24
8046,8046.T,2021,358.21,303.5,245,2026-08-24
8046,8046.T,2022,335.78,318.0,244,2026-08-24
8046,8046.T,2023,466.32,323.23,246,2026-08-24
8046,8046.T,2024,562.06,423.2,245,2026-08-24
8046,8046.T,2025,789.8,488.71,243,2026-08-24
8046,8046.T,2026,1175.06,778.24,156,2026-08-24
8138,8138.T,2016,1873.7,1687.43,87,2026-08-24
8138,8138.T,2017,2603.69,1827.44,253,2026-08-24
8138,8138.T,2018,2254.99,1965.44,261,2026-08-24
8138,8138.T,2019,2385.25,2034.78,241,2026-08-24
8138,8138.T,2020,2481.98,1807.13,242,2026-08-24
8138,8138.T,2021,3150.66,2284.81,245,2026-08-24
8138,8138.T,2022,3127.94,2598.39,244,2026-08-24
8138,8138.T,2023,3653.07,2737.75,246,2026-08-24
8138,8138.T,2024,4796.03,2808.19,245,2026-08-24
8138,8138.T,2025,4782.52,2906.97,243,2026-08-24
8138,8138.T,2026,4920.86,3835.0,155,2026-08-24
8144,8144.T,2016,916.21,857.31,87,2026-08-24
8144,8144.T,2017,1142.27,881.31,253,2026-08-24
8144,8144.T,2018,1303.32,895.29,261,2026-08-24
8144,8144.T,2019,1029.08,909.18,241,2026-08-24
8144,8144.T,2020,1066.04,675.16,242,2026-08-24
8144,8144.T,2021,1309.09,996.36,245,2026-08-24
8144,8144.T,2022,1188.01,998.11,244,2026-08-24
8144,8144.T,2023,1203.39,1019.08,246,2026-08-24
8144,8144.T,2024,1272.28,1009.79,245,2026-08-24
8144,8144.T,2025,1256.32,1025.58,243,2026-08-24
8144,8144.T,2026,1396.0,1215.04,156,2026-08-24
8147,8147.T,2016,605.76,463.18,87,2026-08-24
8147,8147.T,2017,962.33,561.26,253,2026-08-24
8147,8147.T,2018,1254.61,696.91,261,2026-08-24
8147,8147.T,2019,1194.18,787.39,241,2026-08-24
8147,8147.T,2020,1210.34,831.75,242,2026-08-24
8147,8147.T,2021,1244.34,880.75,245,2026-08-24
8147,8147.T,2022,1061.16,759.41,244,2026-08-24
8147,8147.T,2023,1409.56,949.9,246,2026-08-24
8147,8147.T,2024,1667.58,1189.27,245,2026-08-24
8147,8147.T,2025,1461.93,1119.11,243,2026-08-24
8147,8147.T,2026,1527.49,1161.0,156,2026-08-24
8165,8165.T,2016,734.78,637.52,87,2026-08-24
8165,8165.T,2017,829.83,595.5,253,2026-08-24
8165,8165.T,2018,632.3,222.71,261,2026-08-24
8165,8165.T,2019,584.85,210.12,241,2026-08-24
8165,8165.T,2020,532.62,273.12,242,2026-08-24
8165,8165.T,2021,437.28,301.67,245,2026-08-24
8165,8165.T,2022,412.0,359.0,244,2026-08-24
8165,8165.T,2023,431.0,375.0,246,2026-08-24
8165,8165.T,2024,376.0,265.0,245,2026-08-24
8165,8165.T,2025,288.0,205.0,243,2026-08-24
8165,8165.T,2026,210.0,105.0,156,2026-08-24
8617,8617.T,2016,1853.27,960.64,87,2026-08-24
8617,8617.T,2017,1853.27,1261.09,253,2026-08-24
8617,8617.T,2018,1439.03,559.07,261,2026-08-24
8617,8617.T,2019,704.79,489.95,241,2026-08-24
8617,8617.T,2020,721.37,381.87,242,2026-08-24
8617,8617.T,2021,826.38,444.96,245,2026-08-24
8617,8617.T,2022,482.12,323.74,244,2026-08-24
8617,8617.T,2023,644.98,331.25,246,2026-08-24
8617,8617.T,2024,883.41,371.34,245,2026-08-24
8617,8617.T,2025,516.9,343.3,243,2026-08-24
8617,8617.T,2026,629.0,439.42,156,2026-08-24
8772,8772.T,2016,429.89,365.54,87,2026-08-24
8772,8772.T,2017,508.19,397.97,253,2026-08-24
8772,8772.T,2018,617.71,415.24,261,2026-08-24
8772,8772.T,2019,584.99,411.17,241,2026-08-24
8772,8772.T,2020,675.37,456.11,242,2026-08-24
8772,8772.T,2021,664.24,594.53,245,2026-08-24
8772,8772.T,2022,626.97,498.58,244,2026-08-24
8772,8772.T,2023,654.57,525.58,246,2026-08-24
8772,8772.T,2024,818.1,595.07,245,2026-08-24
8772,8772.T,2025,916.34,579.05,243,2026-08-24
8772,8772.T,2026,941.68,768.0,156,2026-08-24
8783,8783.T,2016,7000.0,3010.0,87,2026-08-24
8783,8783.T,2017,13340.0,2540.0,253,2026-08-24
8783,8783.T,2018,8100.0,2100.0,261,2026-08-24
8783,8783.T,2019,3740.0,1880.0,241,2026-08-24
8783,8783.T,2020,3080.0,620.0,242,2026-08-24
8783,8783.T,2021,2300.0,970.0,245,2026-08-24
8783,8783.T,2022,1560.0,820.0,244,2026-08-24
8783,8783.T,2023,1640.0,350.0,246,2026-08-24
8783,8783.T,2024,899.0,227.0,245,2026-08-24
8783,8783.T,2025,754.0,210.0,243,2026-08-24
8783,8783.T,2026,284.0,54.0,156,2026-08-24
8881,8881.T,2016,379.73,227.16,87,2026-08-24
8881,8881.T,2017,666.02,349.22,253,2026-08-24
8881,8881.T,2018,699.42,289.17,261,2026-08-24
8881,8881.T,2019,415.45,298.54,241,2026-08-24
8881,8881.T,2020,416.93,239.71,242,2026-08-24
8881,8881.T,2021,426.52,308.85,245,2026-08-24
8881,8881.T,2022,411.42,346.28,244,2026-08-24
8881,8881.T,2023,489.4,353.77,246,2026-08-24
8881,8881.T,2024,559.88,390.91,245,2026-08-24
8881,8881.T,2025,725.39,419.41,243,2026-08-24
8881,8881.T,2026,796.88,613.0,156,2026-08-24
8891,8891.T,2016,416.71,351.29,87,2026-08-24
8891,8891.T,2017,1106.25,396.72,253,2026-08-24
8891,8891.T,2018,1254.52,397.63,261,2026-08-24
8891,8891.T,2019,735.24,410.72,241,2026-08-24
8891,8891.T,2020,862.52,302.48,242,2026-08-24
8891,8891.T,2021,1051.55,672.73,245,2026-08-24
8891,8891.T,2022,1421.27,749.88,244,2026-08-24
8891,8891.T,2023,1950.56,1156.62,246,2026-08-24
8891,8891.T,2024,2396.67,1271.7,245,2026-08-24
8891,8891.T,2025,2267.81,1480.15,243,2026-08-24
8891,8891.T,2026,2810.35,1648.0,156,2026-08-24
8904,8904.T,2016,733.06,576.93,87,2026-08-24
8904,8904.T,2017,874.58,649.29,253,2026-08-24
8904,8904.T,2018,898.72,589.8,261,2026-08-24
8904,8904.T,2019,813.58,628.3,241,2026-08-24
8904,8904.T,2020,787.43,380.91,242,2026-08-24
8904,8904.T,2021,757.09,646.23,245,2026-08-24
8904,8904.T,2022,734.28,646.15,244,2026-08-24
8904,8904.T,2023,803.56,664.08,246,2026-08-24
8904,8904.T,2024,821.97,675.75,245,2026-08-24
8904,8904.T,2025,858.77,680.7,243,2026-08-24
8904,8904.T,2026,878.0,807.0,156,2026-08-24
8917,8917.T,2016,1091.1,831.83,87,2026-08-24
8917,8917.T,2017,1341.13,969.86,253,2026-08-24
8917,8917.T,2018,1325.12,822.52,261,2026-08-24
8917,8917.T,2019,1052.0,819.0,241,2026-08-24
8917,8917.T,2020,1000.79,529.88,242,2026-08-24
8917,8917.T,2021,1151.0,829.57,245,2026-08-24
8917,8917.T,2022,1051.86,865.26,244,2026-08-24
8917,8917.T,2023,1133.99,874.88,246,2026-08-24
8917,8917.T,2024,1088.03,834.87,245,2026-08-24
8917,8917.T,2025,1219.72,906.42,243,2026-08-24
8917,8917.T,2026,1240.33,999.0,156,2026-08-24
8938,8938.T,2016,1014.19,835.9,87,2026-08-24
8938,8938.T,2017,2167.19,826.24,253,2026-08-24
8938,8938.T,2018,2579.55,1128.61,261,2026-08-24
8938,8938.T,2019,1640.42,553.65,241,2026-08-24
8938,8938.T,2020,1907.95,518.65,242,2026-08-24
8938,8938.T,2021,2308.28,969.26,245,2026-08-24
8938,8938.T,2022,1430.2,690.22,244,2026-08-24
8938,8938.T,2023,1522.53,808.63,246,2026-08-24
8938,8938.T,2024,896.37,564.34,245,2026-08-24
8938,8938.T,2025,758.77,344.0,243,2026-08-24
8938,8938.T,2026,443.0,268.0,156,2026-08-24
9162,9162.T,2023,1658.0,412.0,122,2026-08-24
9162,9162.T,2024,547.0,220.0,245,2026-08-24
9162,9162.T,2025,458.0,235.0,243,2026-08-24
9162,9162.T,2026,332.0,223.0,156,2026-08-24
9478,9478.T,2016,302.07,193.14,87,2026-08-24
9478,9478.T,2017,289.25,184.18,253,2026-08-24
9478,9478.T,2018,242.2,133.39,261,2026-08-24
9478,9478.T,2019,205.31,136.17,241,2026-08-24
9478,9478.T,2020,229.15,103.59,242,2026-08-24
9478,9478.T,2021,294.24,171.8,245,2026-08-24
9478,9478.T,2022,293.3,184.72,244,2026-08-24
9478,9478.T,2023,309.13,212.47,246,2026-08-24
9478,9478.T,2024,345.95,185.12,245,2026-08-24
9478,9478.T,2025,445.21,210.21,243,2026-08-24
9478,9478.T,2026,575.0,385.72,156,2026-08-24
9625,9625.T,2016,555.26,368.77,87,2026-08-24
9625,9625.T,2017,733.35,449.24,253,2026-08-24
9625,9625.T,2018,721.92,447.31,261,2026-08-24
9625,9625.T,2019,1342.24,481.31,241,2026-08-24
9625,9625.T,2020,1701.42,404.83,242,2026-08-24
9625,9625.T,2021,1282.5,454.65,245,2026-08-24
9625,9625.T,2022,1526.03,685.04,244,2026-08-24
9625,9625.T,2023,877.74,697.76,246,2026-08-24
9625,9625.T,2024,962.23,756.92,245,2026-08-24
9625,9625.T,2025,1118.78,873.98,243,2026-08-24
9625,9625.T,2026,1110.0,825.0,156,2026-08-24
9854,9854.T,2016,211.82,180.44,87,2026-08-24
9854,9854.T,2017,844.35,186.33,253,2026-08-24
9854,9854.T,2018,641.35,229.0,261,2026-08-24
9854,9854.T,2019,343.5,231.0,241,2026-08-24
9854,9854.T,2020,273.0,169.0,242,2026-08-24
9854,9854.T,2021,249.0,171.0,245,2026-08-24
9854,9854.T,2022,201.0,165.0,244,2026-08-24
9854,9854.T,2023,201.0,164.0,246,2026-08-24
9854,9854.T,2024,230.0,138.0,245,2026-08-24
9854,9854.T,2025,260.0,134.0,243,2026-08-24
9854,9854.T,2026,325.0,209.0,156,2026-08-24
9867,9867.T,2016,1834.27,1478.15,87,2026-08-24
9867,9867.T,2017,7517.44,1664.26,253,2026-08-24
9867,9867.T,2018,4128.89,3057.41,261,2026-08-24
9867,9867.T,2019,12315.21,2813.83,241,2026-08-24
9867,9867.T,2020,23570.54,5896.04,242,2026-08-24
9867,9867.T,2021,7688.43,4780.54,245,2026-08-24
9867,9867.T,2022,12733.74,3921.03,244,2026-08-24
9867,9867.T,2023,6794.53,4358.3,246,2026-08-24
9867,9867.T,2024,6932.36,5056.89,245,2026-08-24
9867,9867.T,2025,10129.31,4905.76,243,2026-08-24
9867,9867.T,2026,11906.9,9250.0,155,2026-08-24
9872,9872.T,2016,466.15,390.86,87,2026-08-24
9872,9872.T,2017,790.46,420.18,253,2026-08-24
9872,9872.T,2018,1024.41,591.28,261,2026-08-24
9872,9872.T,2019,913.4,628.52,241,2026-08-24
9872,9872.T,2020,999.38,434.26,242,2026-08-24
9872,9872.T,2021,910.93,702.23,245,2026-08-24
9872,9872.T,2022,877.22,552.11,244,2026-08-24
9872,9872.T,2023,926.83,597.37,246,2026-08-24
9872,9872.T,2024,905.75,704.68,245,2026-08-24
9872,9872.T,2025,968.26,710.45,243,2026-08-24
9872,9872.T,2026,966.0,860.0,156,2026-08-24
9885,9885.T,2016,372.27,341.81,87,2026-08-24
9885,9885.T,2017,429.57,362.37,253,2026-08-24
9885,9885.T,2018,460.98,294.86,261,2026-08-24
9885,9885.T,2019,397.04,312.64,241,2026-08-24
9885,9885.T,2020,400.35,244.84,242,2026-08-24
9885,9885.T,2021,757.83,305.27,245,2026-08-24
9885,9885.T,2022,597.18,298.7,244,2026-08-24
9885,9885.T,2023,421.66,302.26,246,2026-08-24
9885,9885.T,2024,521.62,310.15,245,2026-08-24
9885,9885.T,2025,413.47,314.74,243,2026-08-24
9885,9885.T,2026,372.41,327.0,156,2026-08-24
9972,9972.T,2016,252.09,106.97,87,2026-08-24
9972,9972.T,2017,359.54,160.66,253,2026-08-24
9972,9972.T,2018,398.55,161.71,261,2026-08-24
9972,9972.T,2019,244.28,166.87,241,2026-08-24
9972,9972.T,2020,284.93,125.47,242,2026-08-24
9972,9972.T,2021,328.31,236.77,245,2026-08-24
9972,9972.T,2022,314.67,202.67,244,2026-08-24
9972,9972.T,2023,304.51,210.82,246,2026-08-24
9972,9972.T,2024,302.52,173.0,245,2026-08-24
9972,9972.T,2025,305.23,176.51,243,2026-08-24
9972,9972.T,2026,319.0,255.0,156,2026-08-24
9980,9980.T,2016,159.93,99.14,87,2026-08-24
9980,9980.T,2017,685.56,119.72,253,2026-08-24
9980,9980.T,2018,385.34,108.82,261,2026-08-24
9980,9980.T,2019,231.71,125.7,241,2026-08-24
9980,9980.T,2020,251.67,113.77,242,2026-08-24
9980,9980.T,2021,174.44,116.36,245,2026-08-24
9980,9980.T,2022,127.81,100.04,244,2026-08-24
9980,9980.T,2023,119.27,101.0,246,2026-08-24
9980,9980.T,2024,118.35,69.45,245,2026-08-24
9980,9980.T,2025,125.8,68.35,243,2026-08-24
9980,9980.T,2026,180.28,90.0,156,2026-08-24
